PassengerId,Survived,Sex,Age,Parch,Fare,Name_length,Has_Cabin,FamilySize,IsAlone,Pclass_1,Pclass_2,Pclass_3,Royalty,Officer,Miss,Mrs,Mr,Master,Embarked_S,Embarked_C,Embarked_Q,Cabin_A,Cabin_B,Cabin_C,Cabin_D,Cabin_E,Cabin_F,Cabin_G,Cabin_U
1,0,1,1,0,0,23,0,2,0,0,0,1,0,0,0,0,1,0,1,0,0,0,0,0,0,0,0,0,1
2,1,0,2,0,3,51,1,2,0,1,0,0,0,0,0,1,0,0,0,1,0,0,0,1,0,0,0,0,0
3,1,0,1,0,1,22,0,1,1,0,0,1,0,0,1,0,0,0,1,0,0,0,0,0,0,0,0,0,1
4,1,0,2,0,3,44,1,2,0,1,0,0,0,0,0,1,0,0,1,0,0,0,0,1,0,0,0,0,0
5,0,1,2,0,1,24,0,1,1,0,0,1,0,0,0,0,1,0,1,0,0,0,0,0,0,0,0,0,1
6,0,1,1,0,1,16,0,1,1,0,0,1,0,0,0,0,1,0,0,0,1,0,0,0,0,0,0,0,1
7,0,1,3,0,3,23,1,1,1,1,0,0,0,0,0,0,1,0,1,0,0,0,0,0,0,1,0,0,0
8,0,1,0,1,2,30,0,5,0,0,0,1,0,0,0,0,0,1,1,0,0,0,0,0,0,0,0,0,1
9,1,0,1,2,1,49,0,3,0,0,0,1,0,0,0,1,0,0,1,0,0,0,0,0,0,0,0,0,1
10,1,0,0,0,2,35,0,2,0,0,1,0,0,0,0,1,0,0,0,1,0,0,0,0,0,0,0,0,1
11,1,0,0,1,2,31,1,3,0,0,0,1,0,0,1,0,0,0,1,0,0,0,0,0,0,0,0,1,0
12,1,0,3,0,2,24,1,1,1,1,0,0,0,0,1,0,0,0,1,0,0,0,0,1,0,0,0,0,0
13,0,1,1,0,1,30,0,1,1,0,0,1,0,0,0,0,1,0,1,0,0,0,0,0,0,0,0,0,1
14,0,1,2,5,3,27,0,7,0,0,0,1,0,0,0,0,1,0,1,0,0,0,0,0,0,0,0,0,1
15,0,0,0,0,0,36,0,1,1,0,0,1,0,0,1,0,0,0,1,0,0,0,0,0,0,0,0,0,1
16,1,0,3,0,2,32,0,1,1,0,1,0,0,0,0,1,0,0,1,0,0,0,0,0,0,0,0,0,1
17,0,1,0,1,2,20,0,6,0,0,0,1,0,0,0,0,0,1,0,0,1,0,0,0,0,0,0,0,1
18,1,1,1,0,1,28,0,1,1,0,1,0,0,0,0,0,1,0,1,0,0,0,0,0,0,0,0,0,1
19,0,0,1,0,2,55,0,2,0,0,0,1,0,0,0,1,0,0,1,0,0,0,0,0,0,0,0,0,1
20,1,0,2,0,0,23,0,1,1,0,0,1,0,0,0,1,0,0,0,1,0,0,0,0,0,0,0,0,1
21,0,1,2,0,2,20,0,1,1,0,1,0,0,0,0,0,1,0,1,0,0,0,0,0,0,0,0,0,1
22,1,1,2,0,1,21,1,1,1,0,1,0,0,0,0,0,1,0,1,0,0,0,0,0,1,0,0,0,0
23,1,0,0,0,1,27,0,1,1,0,0,1,0,0,1,0,0,0,0,0,1,0,0,0,0,0,0,0,1
24,1,1,1,0,3,28,1,1,1,1,0,0,0,0,0,0,1,0,1,0,0,1,0,0,0,0,0,0,0
25,0,0,0,1,2,29,0,5,0,0,0,1,0,0,1,0,0,0,1,0,0,0,0,0,0,0,0,0,1
26,1,0,2,5,3,57,0,7,0,0,0,1,0,0,0,1,0,0,1,0,0,0,0,0,0,0,0,0,1
27,0,1,0,0,0,23,0,1,1,0,0,1,0,0,0,0,1,0,0,1,0,0,0,0,0,0,0,0,1
28,0,1,1,2,3,30,1,6,0,1,0,0,0,0,0,0,1,0,1,0,0,0,0,1,0,0,0,0,0
29,1,0,1,0,0,29,0,1,1,0,0,1,0,0,1,0,0,0,0,0,1,0,0,0,0,0,0,0,1
30,0,1,2,0,0,19,0,1,1,0,0,1,0,0,0,0,1,0,1,0,0,0,0,0,0,0,0,0,1
31,0,1,2,0,2,24,0,1,1,1,0,0,1,0,0,0,0,0,0,1,0,0,0,0,0,0,0,0,1
32,1,0,2,0,3,46,1,2,0,1,0,0,0,0,0,1,0,0,0,1,0,0,1,0,0,0,0,0,0
33,1,0,1,0,0,24,0,1,1,0,0,1,0,0,1,0,0,0,0,0,1,0,0,0,0,0,0,0,1
34,0,1,5,0,1,21,0,1,1,0,1,0,0,0,0,0,1,0,1,0,0,0,0,0,0,0,0,0,1
35,0,1,1,0,3,23,0,2,0,1,0,0,0,0,0,0,1,0,0,1,0,0,0,0,0,0,0,0,1
36,0,1,2,0,3,30,0,2,0,1,0,0,0,0,0,0,1,0,1,0,0,0,0,0,0,0,0,0,1
37,1,1,1,0,0,16,0,1,1,0,0,1,0,0,0,0,1,0,0,1,0,0,0,0,0,0,0,0,1
38,0,1,1,0,1,24,0,1,1,0,0,1,0,0,0,0,1,0,1,0,0,0,0,0,0,0,0,0,1
39,0,0,1,0,2,34,0,3,0,0,0,1,0,0,1,0,0,0,1,0,0,0,0,0,0,0,0,0,1
40,1,0,0,0,1,27,0,2,0,0,0,1,0,0,1,0,0,0,0,1,0,0,0,0,0,0,0,0,1
41,0,0,2,0,1,46,0,2,0,0,0,1,0,0,0,1,0,0,1,0,0,0,0,0,0,0,0,0,1
42,0,0,1,0,2,56,0,2,0,0,1,0,0,0,0,1,0,0,1,0,0,0,0,0,0,0,0,0,1
43,0,1,2,0,0,19,0,1,1,0,0,1,0,0,0,0,1,0,0,1,0,0,0,0,0,0,0,0,1
44,1,0,0,2,3,40,0,4,0,0,1,0,0,0,1,0,0,0,0,1,0,0,0,0,0,0,0,0,1
45,1,0,1,0,0,29,0,1,1,0,0,1,0,0,1,0,0,0,0,0,1,0,0,0,0,0,0,0,1
46,0,1,1,0,1,24,0,1,1,0,0,1,0,0,0,0,1,0,1,0,0,0,0,0,0,0,0,0,1
47,0,1,2,0,2,17,0,2,0,0,0,1,0,0,0,0,1,0,0,0,1,0,0,0,0,0,0,0,1
48,1,0,2,0,0,25,0,1,1,0,0,1,0,0,1,0,0,0,0,0,1,0,0,0,0,0,0,0,1
49,0,1,2,0,2,19,0,3,0,0,0,1,0,0,0,0,1,0,0,1,0,0,0,0,0,0,0,0,1
50,0,0,1,0,2,45,0,2,0,0,0,1,0,0,0,1,0,0,1,0,0,0,0,0,0,0,0,0,1
51,0,1,0,1,3,26,0,6,0,0,0,1,0,0,0,0,0,1,1,0,0,0,0,0,0,0,0,0,1
52,0,1,1,0,0,28,0,1,1,0,0,1,0,0,0,0,1,0,1,0,0,0,0,0,0,0,0,0,1
53,1,0,3,0,3,40,1,2,0,1,0,0,0,0,0,1,0,0,0,1,0,0,0,0,1,0,0,0,0
54,1,0,1,0,2,50,0,2,0,0,1,0,0,0,0,1,0,0,1,0,0,0,0,0,0,0,0,0,1
55,0,1,5,1,3,30,1,2,0,1,0,0,0,0,0,0,1,0,0,1,0,0,1,0,0,0,0,0,0
56,1,1,1,0,3,17,1,1,1,1,0,0,0,0,0,0,1,0,1,0,0,0,0,1,0,0,0,0,0
57,1,0,1,0,1,17,0,1,1,0,1,0,0,0,1,0,0,0,1,0,0,0,0,0,0,0,0,0,1
58,0,1,1,0,0,19,0,1,1,0,0,1,0,0,0,0,1,0,0,1,0,0,0,0,0,0,0,0,1
59,1,0,0,2,2,28,0,4,0,0,1,0,0,0,1,0,0,0,1,0,0,0,0,0,0,0,0,0,1
60,0,1,0,2,3,34,0,8,0,0,0,1,0,0,0,0,0,1,1,0,0,0,0,0,0,0,0,0,1
61,0,1,1,0,0,21,0,1,1,0,0,1,0,0,0,0,1,0,0,1,0,0,0,0,0,0,0,0,1
62,1,0,2,0,3,19,1,1,1,1,0,0,0,0,1,0,0,0,1,0,0,0,1,0,0,0,0,0,0
63,0,1,2,0,3,27,1,2,0,1,0,0,0,0,0,0,1,0,1,0,0,0,0,1,0,0,0,0,0
64,0,1,0,2,2,21,0,6,0,0,0,1,0,0,0,0,0,1,1,0,0,0,0,0,0,0,0,0,1
65,0,1,2,0,2,21,0,1,1,1,0,0,0,0,0,0,1,0,0,1,0,0,0,0,0,0,0,0,1
66,1,1,2,1,2,24,0,3,0,0,0,1,0,0,0,0,0,1,0,1,0,0,0,0,0,0,0,0,1
67,1,0,1,0,1,28,1,1,1,0,1,0,0,0,0,1,0,0,1,0,0,0,0,0,0,0,1,0,0
68,0,1,1,0,1,24,0,1,1,0,0,1,0,0,0,0,1,0,1,0,0,0,0,0,0,0,0,0,1
69,1,0,1,2,1,31,0,7,0,0,0,1,0,0,1,0,0,0,1,0,0,0,0,0,0,0,0,0,1
70,0,1,1,0,1,17,0,3,0,0,0,1,0,0,0,0,1,0,1,0,0,0,0,0,0,0,0,0,1
71,0,1,1,0,1,26,0,1,1,0,1,0,0,0,0,0,1,0,1,0,0,0,0,0,0,0,0,0,1
72,0,0,0,2,3,26,0,8,0,0,0,1,0,0,1,0,0,0,1,0,0,0,0,0,0,0,0,0,1
73,0,1,1,0,3,20,0,1,1,0,1,0,0,0,0,0,1,0,1,0,0,0,0,0,0,0,0,0,1
74,0,1,1,0,2,27,0,2,0,0,0,1,0,0,0,0,1,0,0,1,0,0,0,0,0,0,0,0,1
75,1,1,1,0,3,13,0,1,1,0,0,1,0,0,0,0,1,0,1,0,0,0,0,0,0,0,0,0,1
76,0,1,1,0,0,23,1,1,1,0,0,1,0,0,0,0,1,0,1,0,0,0,0,0,0,0,1,0,0
77,0,1,1,0,0,17,0,1,1,0,0,1,0,0,0,0,1,0,1,0,0,0,0,0,0,0,0,0,1
78,0,1,2,0,1,24,0,1,1,0,0,1,0,0,0,0,1,0,1,0,0,0,0,0,0,0,0,0,1
79,1,1,0,2,2,29,0,3,0,0,1,0,0,0,0,0,0,1,1,0,0,0,0,0,0,0,0,0,1
80,1,0,1,0,1,24,0,1,1,0,0,1,0,0,1,0,0,0,1,0,0,0,0,0,0,0,0,0,1
81,0,1,1,0,1,20,0,1,1,0,0,1,0,0,0,0,1,0,1,0,0,0,0,0,0,0,0,0,1
82,1,1,1,0,1,27,0,1,1,0,0,1,0,0,0,0,1,0,1,0,0,0,0,0,0,0,0,0,1
83,1,0,0,0,0,30,0,1,1,0,0,1,0,0,1,0,0,0,0,0,1,0,0,0,0,0,0,0,1
84,0,1,1,0,3,23,0,1,1,1,0,0,0,0,0,0,1,0,1,0,0,0,0,0,0,0,0,0,1
85,1,0,1,0,1,19,0,1,1,0,1,0,0,0,1,0,0,0,1,0,0,0,0,0,0,0,0,0,1
86,1,0,2,0,2,55,0,4,0,0,0,1,0,0,0,1,0,0,1,0,0,0,0,0,0,0,0,0,1
87,0,1,0,3,3,22,0,5,0,0,0,1,0,0,0,0,1,0,1,0,0,0,0,0,0,0,0,0,1
88,0,1,2,0,1,29,0,1,1,0,0,1,0,0,0,0,1,0,1,0,0,0,0,0,0,0,0,0,1
89,1,0,1,2,3,26,1,6,0,1,0,0,0,0,1,0,0,0,1,0,0,0,0,1,0,0,0,0,0
90,0,1,1,0,1,22,0,1,1,0,0,1,0,0,0,0,1,0,1,0,0,0,0,0,0,0,0,0,1
91,0,1,1,0,1,20,0,1,1,0,0,1,0,0,0,0,1,0,1,0,0,0,0,0,0,0,0,0,1
92,0,1,1,0,0,26,0,1,1,0,0,1,0,0,0,0,1,0,1,0,0,0,0,0,0,0,0,0,1
93,0,1,2,0,3,27,1,2,0,1,0,0,0,0,0,0,1,0,1,0,0,0,0,0,0,1,0,0,0
94,0,1,1,2,2,23,0,4,0,0,0,1,0,0,0,0,1,0,1,0,0,0,0,0,0,0,0,0,1
95,0,1,3,0,0,17,0,1,1,0,0,1,0,0,0,0,1,0,1,0,0,0,0,0,0,0,0,0,1
96,0,1,1,0,1,27,0,1,1,0,0,1,0,0,0,0,1,0,1,0,0,0,0,0,0,0,0,0,1
97,0,1,5,0,3,25,1,1,1,1,0,0,0,0,0,0,1,0,0,1,0,1,0,0,0,0,0,0,0
98,1,1,1,1,3,31,1,2,0,1,0,0,0,0,0,0,1,0,0,1,0,0,0,0,1,0,0,0,0
99,1,0,2,1,2,36,0,2,0,0,1,0,0,0,0,1,0,0,1,0,0,0,0,0,0,0,0,0,1
100,0,1,2,0,2,17,0,2,0,0,1,0,0,0,0,0,1,0,1,0,0,0,0,0,0,0,0,0,1
101,0,0,1,0,0,23,0,1,1,0,0,1,0,0,1,0,0,0,1,0,0,0,0,0,0,0,0,0,1
102,0,1,1,0,0,32,0,1,1,0,0,1,0,0,0,0,1,0,1,0,0,0,0,0,0,0,0,0,1
103,0,1,1,1,3,25,1,2,0,1,0,0,0,0,0,0,1,0,1,0,0,0,0,0,1,0,0,0,0
104,0,1,2,0,1,26,0,1,1,0,0,1,0,0,0,0,1,0,1,0,0,0,0,0,0,0,0,0,1
105,0,1,2,0,1,30,0,3,0,0,0,1,0,0,0,0,1,0,1,0,0,0,0,0,0,0,0,0,1
106,0,1,1,0,0,21,0,1,1,0,0,1,0,0,0,0,1,0,1,0,0,0,0,0,0,0,0,0,1
107,1,0,1,0,0,32,0,1,1,0,0,1,0,0,1,0,0,0,1,0,0,0,0,0,0,0,0,0,1
108,1,1,2,0,0,22,0,1,1,0,0,1,0,0,0,0,1,0,1,0,0,0,0,0,0,0,0,0,1
109,0,1,2,0,0,15,0,1,1,0,0,1,0,0,0,0,1,0,1,0,0,0,0,0,0,0,0,0,1
110,1,0,1,0,2,19,0,2,0,0,0,1,0,0,1,0,0,0,0,0,1,0,0,0,0,0,0,0,1
111,0,1,2,0,3,30,1,1,1,1,0,0,0,0,0,0,1,0,1,0,0,0,0,1,0,0,0,0,0
112,0,0,0,0,2,20,0,2,0,0,0,1,0,0,1,0,0,0,0,1,0,0,0,0,0,0,0,0,1
113,0,1,1,0,1,22,0,1,1,0,0,1,0,0,0,0,1,0,1,0,0,0,0,0,0,0,0,0,1
114,0,0,1,0,1,23,0,2,0,0,0,1,0,0,1,0,0,0,1,0,0,0,0,0,0,0,0,0,1
115,0,0,1,0,2,21,0,1,1,0,0,1,0,0,1,0,0,0,0,1,0,0,0,0,0,0,0,0,1
116,0,1,1,0,1,21,0,1,1,0,0,1,0,0,0,0,1,0,1,0,0,0,0,0,0,0,0,0,1
117,0,1,5,0,0,20,0,1,1,0,0,1,0,0,0,0,1,0,0,0,1,0,0,0,0,0,0,0,1
118,0,1,1,0,2,31,0,2,0,0,1,0,0,0,0,0,1,0,1,0,0,0,0,0,0,0,0,0,1
119,0,1,1,1,3,24,1,2,0,1,0,0,0,0,0,0,1,0,0,1,0,0,1,0,0,0,0,0,0
120,0,0,0,2,3,33,0,7,0,0,0,1,0,0,1,0,0,0,1,0,0,0,0,0,0,0,0,0,1
121,0,1,1,0,3,27,0,3,0,0,1,0,0,0,0,0,1,0,1,0,0,0,0,0,0,0,0,0,1
122,0,1,2,0,1,26,0,1,1,0,0,1,0,0,0,0,1,0,1,0,0,0,0,0,0,0,0,0,1
123,0,1,1,0,2,20,0,2,0,0,1,0,0,0,0,0,1,0,0,1,0,0,0,0,0,0,0,0,1
124,1,0,1,0,1,19,1,1,1,0,1,0,0,0,1,0,0,0,1,0,0,0,0,0,0,1,0,0,0
125,0,1,3,1,3,27,1,2,0,1,0,0,0,0,0,0,1,0,1,0,0,0,0,0,1,0,0,0,0
126,1,1,0,0,1,28,0,2,0,0,0,1,0,0,0,0,0,1,0,1,0,0,0,0,0,0,0,0,1
127,0,1,2,0,0,19,0,1,1,0,0,1,0,0,0,0,1,0,0,0,1,0,0,0,0,0,0,0,1
128,1,1,1,0,0,25,0,1,1,0,0,1,0,0,0,0,1,0,1,0,0,0,0,0,0,0,0,0,1
129,1,0,1,1,2,17,1,3,0,0,0,1,0,0,1,0,0,0,0,1,0,0,0,0,0,0,1,0,0
130,0,1,2,0,0,18,0,1,1,0,0,1,0,0,0,0,1,0,1,0,0,0,0,0,0,0,0,0,1
131,0,1,2,0,0,20,0,1,1,0,0,1,0,0,0,0,1,0,0,1,0,0,0,0,0,0,0,0,1
132,0,1,1,0,0,30,0,1,1,0,0,1,0,0,0,0,1,0,1,0,0,0,0,0,0,0,0,0,1
133,0,0,2,0,2,46,0,2,0,0,0,1,0,0,0,1,0,0,1,0,0,0,0,0,0,0,0,0,1
134,1,0,1,0,2,45,0,2,0,0,1,0,0,0,0,1,0,0,1,0,0,0,0,0,0,0,0,0,1
135,0,1,1,0,1,30,0,1,1,0,1,0,0,0,0,0,1,0,1,0,0,0,0,0,0,0,0,0,1
136,0,1,1,0,2,18,0,1,1,0,1,0,0,0,0,0,1,0,0,1,0,0,0,0,0,0,0,0,1
137,1,0,1,2,2,28,1,3,0,1,0,0,0,0,1,0,0,0,1,0,0,0,0,0,1,0,0,0,0
138,0,1,2,0,3,27,1,2,0,1,0,0,0,0,0,0,1,0,1,0,0,0,0,1,0,0,0,0,0
139,0,1,0,0,1,19,0,1,1,0,0,1,0,0,0,0,1,0,1,0,0,0,0,0,0,0,0,0,1
140,0,1,1,0,3,18,1,1,1,1,0,0,0,0,0,0,1,0,0,1,0,0,1,0,0,0,0,0,0
141,0,0,2,2,2,29,0,3,0,0,0,1,0,0,0,1,0,0,0,1,0,0,0,0,0,0,0,0,1
142,1,0,1,0,0,24,0,1,1,0,0,1,0,0,1,0,0,0,1,0,0,0,0,0,0,0,0,0,1
143,1,0,1,0,2,52,0,2,0,0,0,1,0,0,0,1,0,0,1,0,0,0,0,0,0,0,0,0,1
144,0,1,1,0,0,19,0,1,1,0,0,1,0,0,0,0,1,0,0,0,1,0,0,0,0,0,0,0,1
145,0,1,1,0,1,26,0,1,1,0,1,0,0,0,0,0,1,0,1,0,0,0,0,0,0,0,0,0,1
146,0,1,1,1,3,28,0,3,0,0,1,0,0,0,0,0,1,0,1,0,0,0,0,0,0,0,0,0,1
147,1,1,1,0,0,44,0,1,1,0,0,1,0,0,0,0,1,0,1,0,0,0,0,0,0,0,0,0,1
148,0,0,0,2,3,32,0,5,0,0,0,1,0,0,1,0,0,0,1,0,0,0,0,0,0,0,0,0,1
149,0,1,2,2,2,40,1,3,0,0,1,0,0,0,0,0,1,0,1,0,0,0,0,0,0,0,1,0,0
150,0,1,2,0,1,33,0,1,1,0,1,0,0,1,0,0,0,0,1,0,0,0,0,0,0,0,0,0,1
151,0,1,3,0,1,26,0,1,1,0,1,0,0,1,0,0,0,0,1,0,0,0,0,0,0,0,0,0,1
152,1,0,1,0,3,33,1,2,0,1,0,0,0,0,0,1,0,0,1,0,0,0,0,1,0,0,0,0,0
153,0,1,3,0,1,16,0,1,1,0,0,1,0,0,0,0,1,0,1,0,0,0,0,0,0,0,0,0,1
154,0,1,2,2,2,31,0,3,0,0,0,1,0,0,0,0,1,0,1,0,0,0,0,0,0,0,0,0,1
155,0,1,2,0,0,21,0,1,1,0,0,1,0,0,0,0,1,0,1,0,0,0,0,0,0,0,0,0,1
156,0,1,3,1,3,27,0,2,0,1,0,0,0,0,0,0,1,0,0,1,0,0,0,0,0,0,0,0,1
157,1,0,0,0,0,32,0,1,1,0,0,1,0,0,1,0,0,0,0,0,1,0,0,0,0,0,0,0,1
158,0,1,1,0,1,15,0,1,1,0,0,1,0,0,0,0,1,0,1,0,0,0,0,0,0,0,0,0,1
159,0,1,1,0,1,19,0,1,1,0,0,1,0,0,0,0,1,0,1,0,0,0,0,0,0,0,0,0,1
160,0,1,2,2,3,26,0,11,0,0,0,1,0,0,0,0,0,1,1,0,0,0,0,0,0,0,0,0,1
161,0,1,2,1,2,24,0,2,0,0,0,1,0,0,0,0,1,0,1,0,0,0,0,0,0,0,0,0,1
162,1,0,2,0,2,50,0,1,1,0,1,0,0,0,0,1,0,0,1,0,0,0,0,0,0,0,0,0,1
163,0,1,1,0,0,26,0,1,1,0,0,1,0,0,0,0,1,0,1,0,0,0,0,0,0,0,0,0,1
164,0,1,1,0,1,15,0,1,1,0,0,1,0,0,0,0,1,0,1,0,0,0,0,0,0,0,0,0,1
165,0,1,0,1,3,28,0,6,0,0,0,1,0,0,0,0,0,1,1,0,0,0,0,0,0,0,0,0,1
166,1,1,0,2,2,47,0,3,0,0,0,1,0,0,0,0,0,1,1,0,0,0,0,0,0,0,0,0,1
167,1,0,2,1,3,38,1,2,0,1,0,0,0,0,0,1,0,0,1,0,0,0,0,0,0,1,0,0,0
168,0,0,2,4,2,47,0,6,0,0,0,1,0,0,0,1,0,0,1,0,0,0,0,0,0,0,0,0,1
169,0,1,2,0,2,19,0,1,1,1,0,0,0,0,0,0,1,0,1,0,0,0,0,0,0,0,0,0,1
170,0,1,1,0,3,13,0,1,1,0,0,1,0,0,0,0,1,0,1,0,0,0,0,0,0,0,0,0,1
171,0,1,3,0,3,25,1,1,1,1,0,0,0,0,0,0,1,0,1,0,0,0,1,0,0,0,0,0,0
172,0,1,0,1,2,20,0,6,0,0,0,1,0,0,0,0,0,1,0,0,1,0,0,0,0,0,0,0,1
173,1,0,0,1,1,28,0,3,0,0,0,1,0,0,1,0,0,0,1,0,0,0,0,0,0,0,0,0,1
174,0,1,1,0,1,25,0,1,1,0,0,1,0,0,0,0,1,0,1,0,0,0,0,0,0,0,0,0,1
175,0,1,3,0,2,23,1,1,1,1,0,0,0,0,0,0,1,0,0,1,0,1,0,0,0,0,0,0,0
176,0,1,1,1,0,22,0,3,0,0,0,1,0,0,0,0,1,0,1,0,0,0,0,0,0,0,0,0,1
177,0,1,2,1,2,29,0,5,0,0,0,1,0,0,0,0,0,1,1,0,0,0,0,0,0,0,0,0,1
178,0,0,3,0,2,26,1,1,1,1,0,0,0,0,1,0,0,0,0,1,0,0,0,1,0,0,0,0,0
179,0,1,1,0,1,18,0,1,1,0,1,0,0,0,0,0,1,0,1,0,0,0,0,0,0,0,0,0,1
180,0,1,2,0,0,19,0,1,1,0,0,1,0,0,0,0,1,0,1,0,0,0,0,0,0,0,0,0,1
181,0,0,2,2,3,28,0,11,0,0,0,1,0,0,1,0,0,0,1,0,0,0,0,0,0,0,0,0,1
182,0,1,2,0,2,16,0,1,1,0,1,0,0,0,0,0,1,0,0,1,0,0,0,0,0,0,0,0,1
183,0,1,0,2,3,37,0,7,0,0,0,1,0,0,0,0,0,1,1,0,0,0,0,0,0,0,0,0,1
184,1,1,0,1,3,25,1,4,0,0,1,0,0,0,0,0,0,1,1,0,0,0,0,0,0,0,1,0,0
185,1,0,0,2,2,35,0,3,0,0,0,1,0,0,1,0,0,0,1,0,0,0,0,0,0,0,0,0,1
186,0,1,2,0,3,21,1,1,1,1,0,0,0,0,0,0,1,0,1,0,0,1,0,0,0,0,0,0,0
187,1,0,1,0,2,47,0,2,0,0,0,1,0,0,0,1,0,0,0,0,1,0,0,0,0,0,0,0,1
188,1,1,2,0,2,45,0,1,1,1,0,0,0,0,0,0,1,0,1,0,0,0,0,0,0,0,0,0,1
189,0,1,2,1,2,16,0,3,0,0,0,1,0,0,0,0,1,0,0,0,1,0,0,0,0,0,0,0,1
190,0,1,2,0,0,19,0,1,1,0,0,1,0,0,0,0,1,0,1,0,0,0,0,0,0,0,0,0,1
191,1,0,1,0,1,19,0,1,1,0,1,0,0,0,0,1,0,0,1,0,0,0,0,0,0,0,0,0,1
192,0,1,1,0,1,21,0,1,1,0,1,0,0,0,0,0,1,0,1,0,0,0,0,0,0,0,0,0,1
193,1,0,1,0,0,47,0,2,0,0,0,1,0,0,1,0,0,0,1,0,0,0,0,0,0,0,0,0,1
194,1,1,0,1,2,26,1,3,0,0,1,0,0,0,0,0,0,1,1,0,0,0,0,0,0,0,1,0,0
195,1,0,2,0,2,41,1,1,1,1,0,0,0,0,0,1,0,0,0,1,0,0,1,0,0,0,0,0,0
196,1,0,3,0,3,20,1,1,1,1,0,0,0,0,1,0,0,0,0,1,0,0,1,0,0,0,0,0,0
197,0,1,0,0,0,19,0,1,1,0,0,1,0,0,0,0,1,0,0,0,1,0,0,0,0,0,0,0,1
198,0,1,2,1,1,32,0,2,0,0,0,1,0,0,0,0,1,0,1,0,0,0,0,0,0,0,0,0,1
199,1,0,1,0,0,32,0,1,1,0,0,1,0,0,1,0,0,0,0,0,1,0,0,0,0,0,0,0,1
200,0,0,1,0,1,38,0,1,1,0,1,0,0,0,1,0,0,0,1,0,0,0,0,0,0,0,0,0,1
201,0,1,1,0,1,30,0,1,1,0,0,1,0,0,0,0,1,0,1,0,0,0,0,0,0,0,0,0,1
202,0,1,1,2,3,19,0,11,0,0,0,1,0,0,0,0,1,0,1,0,0,0,0,0,0,0,0,0,1
203,0,1,2,0,0,26,0,1,1,0,0,1,0,0,0,0,1,0,1,0,0,0,0,0,0,0,0,0,1
204,0,1,2,0,0,20,0,1,1,0,0,1,0,0,0,0,1,0,0,1,0,0,0,0,0,0,0,0,1
205,1,1,1,0,1,24,0,1,1,0,0,1,0,0,0,0,1,0,1,0,0,0,0,0,0,0,0,0,1
206,0,0,0,1,1,26,1,2,0,0,0,1,0,0,1,0,0,0,1,0,0,0,0,0,0,0,0,1,0
207,0,1,1,0,2,26,0,2,0,0,0,1,0,0,0,0,1,0,1,0,0,0,0,0,0,0,0,0,1
208,1,1,1,0,2,27,0,1,1,0,0,1,0,0,0,0,1,0,0,1,0,0,0,0,0,0,0,0,1
209,1,0,0,0,0,25,0,1,1,0,0,1,0,0,1,0,0,0,0,0,1,0,0,0,0,0,0,0,1
210,1,1,2,0,2,16,1,1,1,1,0,0,0,0,0,0,1,0,0,1,0,1,0,0,0,0,0,0,0
211,0,1,1,0,0,14,0,1,1,0,0,1,0,0,0,0,1,0,1,0,0,0,0,0,0,0,0,0,1
212,1,0,2,0,2,26,0,1,1,0,1,0,0,0,1,0,0,0,1,0,0,0,0,0,0,0,0,0,1
213,0,1,1,0,0,22,0,1,1,0,0,1,0,0,0,0,1,0,1,0,0,0,0,0,0,0,0,0,1
214,0,1,1,0,1,27,0,1,1,0,1,0,0,0,0,0,1,0,1,0,0,0,0,0,0,0,0,0,1
215,0,1,2,0,0,19,0,2,0,0,0,1,0,0,0,0,1,0,0,0,1,0,0,0,0,0,0,0,1
216,1,0,1,0,3,23,1,2,0,1,0,0,0,0,1,0,0,0,0,1,0,0,0,0,1,0,0,0,0
217,1,0,1,0,1,22,0,1,1,0,0,1,0,0,1,0,0,0,1,0,0,0,0,0,0,0,0,0,1
218,0,1,2,0,2,28,0,2,0,0,1,0,0,0,0,0,1,0,1,0,0,0,0,0,0,0,0,0,1
219,1,0,1,0,3,21,1,1,1,1,0,0,0,0,1,0,0,0,0,1,0,0,0,0,1,0,0,0,0
220,0,1,1,0,1,18,0,1,1,0,1,0,0,0,0,0,1,0,1,0,0,0,0,0,0,0,0,0,1
221,1,1,0,0,1,30,0,1,1,0,0,1,0,0,0,0,1,0,1,0,0,0,0,0,0,0,0,0,1
222,0,1,1,0,1,20,0,1,1,0,1,0,0,0,0,0,1,0,1,0,0,0,0,0,0,0,0,0,1
223,0,1,3,0,1,23,0,1,1,0,0,1,0,0,0,0,1,0,1,0,0,0,0,0,0,0,0,0,1
224,0,1,1,0,0,20,0,1,1,0,0,1,0,0,0,0,1,0,1,0,0,0,0,0,0,0,0,0,1
225,1,1,2,0,3,28,1,2,0,1,0,0,0,0,0,0,1,0,1,0,0,0,0,1,0,0,0,0,0
226,0,1,1,0,1,28,0,1,1,0,0,1,0,0,0,0,1,0,1,0,0,0,0,0,0,0,0,0,1
227,1,1,1,0,1,25,0,1,1,0,1,0,0,0,0,0,1,0,1,0,0,0,0,0,0,0,0,0,1
228,0,1,1,0,0,31,0,1,1,0,0,1,0,0,0,0,1,0,1,0,0,0,0,0,0,0,0,0,1
229,0,1,1,0,1,25,0,1,1,0,1,0,0,0,0,0,1,0,1,0,0,0,0,0,0,0,0,0,1
230,0,0,1,1,2,23,0,5,0,0,0,1,0,0,1,0,0,0,1,0,0,0,0,0,0,0,0,0,1
231,1,0,2,0,3,44,1,2,0,1,0,0,0,0,0,1,0,0,1,0,0,0,0,1,0,0,0,0,0
232,0,1,1,0,0,24,0,1,1,0,0,1,0,0,0,0,1,0,1,0,0,0,0,0,0,0,0,0,1
233,0,1,3,0,1,25,0,1,1,0,1,0,0,0,0,0,1,0,1,0,0,0,0,0,0,0,0,0,1
234,1,0,0,2,3,30,0,7,0,0,0,1,0,0,1,0,0,0,1,0,0,0,0,0,0,0,0,0,1
235,0,1,1,0,1,33,0,1,1,0,1,0,0,0,0,0,1,0,1,0,0,0,0,0,0,0,0,0,1
236,0,0,2,0,0,28,0,1,1,0,0,1,0,0,1,0,0,0,1,0,0,0,0,0,0,0,0,0,1
237,0,1,2,0,2,17,0,2,0,0,1,0,0,0,0,0,1,0,1,0,0,0,0,0,0,0,0,0,1
238,1,0,0,2,2,32,0,3,0,0,1,0,0,0,1,0,0,0,1,0,0,0,0,0,0,0,0,0,1
239,0,1,1,0,1,31,0,1,1,0,1,0,0,0,0,0,1,0,1,0,0,0,0,0,0,0,0,0,1
240,0,1,2,0,1,22,0,1,1,0,1,0,0,0,0,0,1,0,1,0,0,0,0,0,0,0,0,0,1
241,0,0,2,0,2,21,0,2,0,0,0,1,0,0,1,0,0,0,0,1,0,0,0,0,0,0,0,0,1
242,1,0,2,0,2,30,0,2,0,0,0,1,0,0,1,0,0,0,0,0,1,0,0,0,0,0,0,0,1
243,0,1,1,0,1,31,0,1,1,0,1,0,0,0,0,0,1,0,1,0,0,0,0,0,0,0,0,0,1
244,0,1,1,0,0,29,0,1,1,0,0,1,0,0,0,0,1,0,1,0,0,0,0,0,0,0,0,0,1
245,0,1,1,0,0,20,0,1,1,0,0,1,0,0,0,0,1,0,0,1,0,0,0,0,0,0,0,0,1
246,0,1,2,0,3,27,1,3,0,1,0,0,0,1,0,0,0,0,0,0,1,0,0,1,0,0,0,0,0
247,0,0,1,0,0,37,0,1,1,0,0,1,0,0,1,0,0,0,1,0,0,0,0,0,0,0,0,0,1
248,1,0,1,2,2,31,0,3,0,0,1,0,0,0,0,1,0,0,1,0,0,0,0,0,0,0,0,0,1
249,1,1,2,1,3,29,1,3,0,1,0,0,0,0,0,0,1,0,1,0,0,0,0,0,1,0,0,0,0
250,0,1,3,0,2,29,0,2,0,0,1,0,0,1,0,0,0,0,1,0,0,0,0,0,0,0,0,0,1
251,0,1,1,0,0,22,0,1,1,0,0,1,0,0,0,0,1,0,1,0,0,0,0,0,0,0,0,0,1
252,0,0,1,1,1,42,1,3,0,0,0,1,0,0,0,1,0,0,1,0,0,0,0,0,0,0,0,1,0
253,0,1,3,0,2,25,1,1,1,1,0,0,0,0,0,0,1,0,1,0,0,0,0,1,0,0,0,0,0
254,0,1,1,0,2,24,0,2,0,0,0,1,0,0,0,0,1,0,1,0,0,0,0,0,0,0,0,0,1
255,0,0,2,2,2,40,0,3,0,0,0,1,0,0,0,1,0,0,1,0,0,0,0,0,0,0,0,0,1
256,1,0,1,2,2,39,0,3,0,0,0,1,0,0,0,1,0,0,0,1,0,0,0,0,0,0,0,0,1
257,1,0,1,0,3,30,0,1,1,1,0,0,0,0,0,1,0,0,0,1,0,0,0,0,0,0,0,0,1
258,1,0,1,0,3,20,1,1,1,1,0,0,0,0,1,0,0,0,1,0,0,0,1,0,0,0,0,0,0
259,1,0,2,0,3,16,0,1,1,1,0,0,0,0,1,0,0,0,0,1,0,0,0,0,0,0,0,0,1
260,1,0,3,1,2,27,0,2,0,0,1,0,0,0,0,1,0,0,1,0,0,0,0,0,0,0,0,0,1
261,0,1,0,0,0,17,0,1,1,0,0,1,0,0,0,0,1,0,0,0,1,0,0,0,0,0,0,0,1
262,1,1,0,2,3,33,0,7,0,0,0,1,0,0,0,0,0,1,1,0,0,0,0,0,0,0,0,0,1
263,0,1,3,1,3,17,1,3,0,1,0,0,0,0,0,0,1,0,1,0,0,0,0,0,0,1,0,0,0
264,0,1,2,0,0,21,1,1,1,1,0,0,0,0,0,0,1,0,1,0,0,0,1,0,0,0,0,0,0
265,0,0,1,0,0,18,0,1,1,0,0,1,0,0,1,0,0,0,0,0,1,0,0,0,0,0,0,0,1
266,0,1,2,0,1,17,0,1,1,0,1,0,0,0,0,0,1,0,1,0,0,0,0,0,0,0,0,0,1
267,0,1,0,1,3,25,0,6,0,0,0,1,0,0,0,0,1,0,1,0,0,0,0,0,0,0,0,0,1
268,1,1,1,0,0,24,0,2,0,0,0,1,0,0,0,0,1,0,1,0,0,0,0,0,0,0,0,0,1
269,1,0,3,1,3,45,1,2,0,1,0,0,0,0,0,1,0,0,1,0,0,0,0,1,0,0,0,0,0
270,1,0,2,0,3,22,1,1,1,1,0,0,0,0,1,0,0,0,1,0,0,0,0,1,0,0,0,0,0
271,0,1,1,0,2,21,0,1,1,1,0,0,0,0,0,0,1,0,1,0,0,0,0,0,0,0,0,0,1
272,1,1,1,0,0,28,0,1,1,0,0,1,0,0,0,0,1,0,1,0,0,0,0,0,0,0,0,0,1
273,1,0,2,1,2,41,0,2,0,0,1,0,0,0,0,1,0,0,1,0,0,0,0,0,0,0,0,0,1
274,0,1,2,1,2,21,1,2,0,1,0,0,0,0,0,0,1,0,0,1,0,0,0,1,0,0,0,0,0
275,1,0,1,0,0,26,0,1,1,0,0,1,0,0,1,0,0,0,0,0,1,0,0,0,0,0,0,0,1
276,1,0,3,0,3,33,1,2,0,1,0,0,0,0,1,0,0,0,1,0,0,0,0,0,1,0,0,0,0
277,0,0,2,0,0,33,0,1,1,0,0,1,0,0,1,0,0,0,1,0,0,0,0,0,0,0,0,0,1
278,0,1,1,0,0,27,0,1,1,0,1,0,0,0,0,0,1,0,1,0,0,0,0,0,0,0,0,0,1
279,0,1,0,1,2,18,0,6,0,0,0,1,0,0,0,0,0,1,0,0,1,0,0,0,0,0,0,0,1
280,1,0,2,1,2,32,0,3,0,0,0,1,0,0,0,1,0,0,1,0,0,0,0,0,0,0,0,0,1
281,0,1,5,0,0,16,0,1,1,0,0,1,0,0,0,0,1,0,0,0,1,0,0,0,0,0,0,0,1
282,0,1,1,0,0,32,0,1,1,0,0,1,0,0,0,0,1,0,1,0,0,0,0,0,0,0,0,0,1
283,0,1,0,0,1,25,0,1,1,0,0,1,0,0,0,0,1,0,1,0,0,0,0,0,0,0,0,0,1
284,1,1,1,0,1,26,0,1,1,0,0,1,0,0,0,0,1,0,1,0,0,0,0,0,0,0,0,0,1
285,0,1,2,0,2,26,1,1,1,1,0,0,0,0,0,0,1,0,1,0,0,1,0,0,0,0,0,0,0
286,0,1,2,0,1,19,0,1,1,0,0,1,0,0,0,0,1,0,0,1,0,0,0,0,0,0,0,0,1
287,1,1,1,0,1,23,0,1,1,0,0,1,0,0,0,0,1,0,1,0,0,0,0,0,0,0,0,0,1
288,0,1,1,0,0,20,0,1,1,0,0,1,0,0,0,0,1,0,1,0,0,0,0,0,0,0,0,0,1
289,1,1,2,0,1,20,0,1,1,0,1,0,0,0,0,0,1,0,1,0,0,0,0,0,0,0,0,0,1
290,1,0,1,0,0,20,0,1,1,0,0,1,0,0,1,0,0,0,0,0,1,0,0,0,0,0,0,0,1
291,1,0,1,0,3,28,0,1,1,1,0,0,0,0,1,0,0,0,1,0,0,0,0,0,0,0,0,0,1
292,1,0,1,0,3,39,1,2,0,1,0,0,0,0,0,1,0,0,0,1,0,0,1,0,0,0,0,0,0
293,0,1,2,0,1,22,1,1,1,0,1,0,0,0,0,0,1,0,0,1,0,0,0,0,1,0,0,0,0
294,0,0,1,0,1,19,0,1,1,0,0,1,0,0,1,0,0,0,1,0,0,0,0,0,0,0,0,0,1
295,0,1,1,0,0,16,0,1,1,0,0,1,0,0,0,0,1,0,1,0,0,0,0,0,0,0,0,0,1
296,0,1,1,0,2,17,0,1,1,1,0,0,0,0,0,0,1,0,0,1,0,0,0,0,0,0,0,0,1
297,0,1,1,0,0,18,0,1,1,0,0,1,0,0,0,0,1,0,0,1,0,0,0,0,0,0,0,0,1
298,0,0,0,2,3,28,1,4,0,1,0,0,0,0,1,0,0,0,1,0,0,0,0,1,0,0,0,0,0
299,1,1,2,0,2,21,1,1,1,1,0,0,0,0,0,0,1,0,1,0,0,0,0,1,0,0,0,0,0
300,1,0,3,1,3,47,1,2,0,1,0,0,0,0,0,1,0,0,0,1,0,0,1,0,0,0,0,0,0
301,1,0,2,0,0,40,0,1,1,0,0,1,0,0,1,0,0,0,0,0,1,0,0,0,0,0,0,0,1
302,1,1,1,0,2,18,0,3,0,0,0,1,0,0,0,0,1,0,0,0,1,0,0,0,0,0,0,0,1
303,0,1,1,0,0,31,0,1,1,0,0,1,0,0,0,0,1,0,1,0,0,0,0,0,0,0,0,0,1
304,1,0,2,0,1,19,1,1,1,0,1,0,0,0,1,0,0,0,0,0,1,0,0,0,0,1,0,0,0
305,0,1,2,0,1,33,0,1,1,0,0,1,0,0,0,0,1,0,1,0,0,0,0,0,0,0,0,0,1
306,1,1,0,2,3,30,1,4,0,1,0,0,0,0,0,0,0,1,1,0,0,0,0,1,0,0,0,0,0
307,1,0,0,0,3,23,0,1,1,1,0,0,0,0,1,0,0,0,0,1,0,0,0,0,0,0,0,0,1
308,1,0,1,0,3,82,1,2,0,1,0,0,0,0,0,1,0,0,0,1,0,0,0,1,0,0,0,0,0
309,0,1,1,0,2,19,0,2,0,0,1,0,0,0,0,0,1,0,0,1,0,0,0,0,0,0,0,0,1
310,1,0,1,0,3,30,1,1,1,1,0,0,0,0,1,0,0,0,0,1,0,0,0,0,0,1,0,0,0
311,1,0,1,0,3,30,1,1,1,1,0,0,0,0,1,0,0,0,0,1,0,0,0,1,0,0,0,0,0
312,1,0,1,2,3,26,1,5,0,1,0,0,0,0,1,0,0,0,0,1,0,0,1,0,0,0,0,0,0
313,0,0,1,1,2,37,0,3,0,0,1,0,0,0,0,1,0,0,1,0,0,0,0,0,0,0,0,0,1
314,0,1,1,0,0,22,0,1,1,0,0,1,0,0,0,0,1,0,1,0,0,0,0,0,0,0,0,0,1
315,0,1,2,1,2,18,0,3,0,0,1,0,0,0,0,0,1,0,1,0,0,0,0,0,0,0,0,0,1
316,1,0,1,0,0,31,0,1,1,0,0,1,0,0,1,0,0,0,1,0,0,0,0,0,0,0,0,0,1
317,1,0,1,0,2,35,0,2,0,0,1,0,0,0,0,1,0,0,1,0,0,0,0,0,0,0,0,0,1
318,0,1,3,0,1,20,0,1,1,0,1,0,0,1,0,0,0,0,1,0,0,0,0,0,0,0,0,0,1
319,1,0,1,2,3,24,1,3,0,1,0,0,0,0,1,0,0,0,1,0,0,0,0,1,0,0,0,0,0
320,1,0,2,1,3,56,1,3,0,1,0,0,0,0,0,1,0,0,0,1,0,0,0,0,0,1,0,0,0
321,0,1,1,0,0,18,0,1,1,0,0,1,0,0,0,0,1,0,1,0,0,0,0,0,0,0,0,0,1
322,0,1,1,0,0,16,0,1,1,0,0,1,0,0,0,0,1,0,1,0,0,0,0,0,0,0,0,0,1
323,1,0,1,0,1,25,0,1,1,0,1,0,0,0,1,0,0,0,0,0,1,0,0,0,0,0,0,0,1
324,1,0,1,1,2,51,0,3,0,0,1,0,0,0,0,1,0,0,1,0,0,0,0,0,0,0,0,0,1
325,0,1,2,2,3,24,0,11,0,0,0,1,0,0,0,0,1,0,1,0,0,0,0,0,0,0,0,0,1
326,1,0,2,0,3,24,1,1,1,1,0,0,0,0,1,0,0,0,0,1,0,0,0,1,0,0,0,0,0
327,0,1,3,0,0,25,0,1,1,0,0,1,0,0,0,0,1,0,1,0,0,0,0,0,0,0,0,0,1
328,1,0,2,0,1,23,1,1,1,0,1,0,0,0,0,1,0,0,1,0,0,0,0,0,1,0,0,0,0
329,1,0,1,1,2,46,0,3,0,0,0,1,0,0,0,1,0,0,1,0,0,0,0,0,0,0,0,0,1
330,1,0,0,1,3,28,1,2,0,1,0,0,0,0,1,0,0,0,0,1,0,0,1,0,0,0,0,0,0
331,1,0,1,0,2,18,0,3,0,0,0,1,0,0,1,0,0,0,0,0,1,0,0,0,0,0,0,0,1
332,0,1,2,0,2,19,1,1,1,1,0,0,0,0,0,0,1,0,1,0,0,0,0,1,0,0,0,0,0
333,0,1,2,1,3,25,1,2,0,1,0,0,0,0,0,0,1,0,1,0,0,0,0,1,0,0,0,0,0
334,0,1,0,0,2,31,0,3,0,0,0,1,0,0,0,0,1,0,1,0,0,0,0,0,0,0,0,0,1
335,1,0,2,0,3,50,0,2,0,1,0,0,0,0,0,1,0,0,1,0,0,0,0,0,0,0,0,0,1
336,0,1,2,0,0,18,0,1,1,0,0,1,0,0,0,0,1,0,1,0,0,0,0,0,0,0,0,0,1
337,0,1,1,0,3,25,1,2,0,1,0,0,0,0,0,0,1,0,1,0,0,0,0,1,0,0,0,0,0
338,1,0,2,0,3,31,1,1,1,1,0,0,0,0,1,0,0,0,0,1,0,0,0,0,0,1,0,0,0
339,1,1,2,0,1,21,0,1,1,0,0,1,0,0,0,0,1,0,1,0,0,0,0,0,0,0,0,0,1
340,0,1,2,0,3,28,1,1,1,1,0,0,0,0,0,0,1,0,1,0,0,0,0,0,0,0,0,0,0
341,1,1,0,1,2,30,1,3,0,0,1,0,0,0,0,0,0,1,1,0,0,0,0,0,0,0,1,0,0
342,1,0,1,2,3,30,1,6,0,1,0,0,0,0,1,0,0,0,1,0,0,0,0,1,0,0,0,0,0
343,0,1,1,0,1,26,0,1,1,0,1,0,0,0,0,0,1,0,1,0,0,0,0,0,0,0,0,0,1
344,0,1,1,0,1,42,0,1,1,0,1,0,0,0,0,0,1,0,1,0,0,0,0,0,0,0,0,0,1
345,0,1,2,0,1,23,0,1,1,0,1,0,0,0,0,0,1,0,1,0,0,0,0,0,0,0,0,0,1
346,1,0,1,0,1,29,1,1,1,0,1,0,0,0,1,0,0,0,1,0,0,0,0,0,0,0,1,0,0
347,1,0,2,0,1,25,0,1,1,0,1,0,0,0,1,0,0,0,1,0,0,0,0,0,0,0,0,0,1
348,1,0,1,0,2,41,0,2,0,0,0,1,0,0,0,1,0,0,1,0,0,0,0,0,0,0,0,0,1
349,1,1,0,1,2,38,0,3,0,0,0,1,0,0,0,0,0,1,1,0,0,0,0,0,0,0,0,0,1
350,0,1,2,0,1,16,0,1,1,0,0,1,0,0,0,0,1,0,1,0,0,0,0,0,0,0,0,0,1
351,0,1,1,0,1,22,0,1,1,0,0,1,0,0,0,0,1,0,1,0,0,0,0,0,0,0,0,0,1
352,0,1,2,0,3,38,1,1,1,1,0,0,0,0,0,0,1,0,1,0,0,0,0,1,0,0,0,0,0
353,0,1,0,1,0,18,0,3,0,0,0,1,0,0,0,0,1,0,0,1,0,0,0,0,0,0,0,0,1
354,0,1,1,0,2,25,0,2,0,0,0,1,0,0,0,0,1,0,1,0,0,0,0,0,0,0,0,0,1
355,0,1,1,0,0,17,0,1,1,0,0,1,0,0,0,0,1,0,0,1,0,0,0,0,0,0,0,0,1
356,0,1,1,0,1,27,0,1,1,0,0,1,0,0,0,0,1,0,1,0,0,0,0,0,0,0,0,0,1
357,1,0,1,1,3,27,1,2,0,1,0,0,0,0,1,0,0,0,1,0,0,0,0,0,0,1,0,0,0
358,0,0,2,0,1,25,0,1,1,0,1,0,0,0,1,0,0,0,1,0,0,0,0,0,0,0,0,0,1
359,1,0,2,0,0,20,0,1,1,0,0,1,0,0,1,0,0,0,0,0,1,0,0,0,0,0,0,0,1
360,1,0,1,0,0,33,0,1,1,0,0,1,0,0,1,0,0,0,0,0,1,0,0,0,0,0,0,0,1
361,0,1,2,4,2,18,0,6,0,0,0,1,0,0,0,0,1,0,1,0,0,0,0,0,0,0,0,0,1
362,0,1,1,0,2,25,0,2,0,0,1,0,0,0,0,0,1,0,0,1,0,0,0,0,0,0,0,0,1
363,0,0,2,1,2,31,0,2,0,0,0,1,0,0,0,1,0,0,0,1,0,0,0,0,0,0,0,0,1
364,0,1,2,0,0,15,0,1,1,0,0,1,0,0,0,0,1,0,1,0,0,0,0,0,0,0,0,0,1
365,0,1,2,0,2,19,0,2,0,0,0,1,0,0,0,0,1,0,0,0,1,0,0,0,0,0,0,0,1
366,0,1,1,0,0,30,0,1,1,0,0,1,0,0,0,0,1,0,1,0,0,0,0,0,0,0,0,0,1
367,1,0,3,0,3,48,1,2,0,1,0,0,0,0,0,1,0,0,0,1,0,0,0,0,1,0,0,0,0
368,1,0,1,0,0,30,0,1,1,0,0,1,0,0,0,1,0,0,0,1,0,0,0,0,0,0,0,0,1
369,1,0,2,0,0,19,0,1,1,0,0,1,0,0,1,0,0,0,0,0,1,0,0,0,0,0,0,0,1
370,1,0,1,0,3,29,1,1,1,1,0,0,0,0,0,1,0,0,0,1,0,0,1,0,0,0,0,0,0
371,1,1,1,0,3,27,1,2,0,1,0,0,0,0,0,0,1,0,0,1,0,0,0,0,0,1,0,0,0
372,0,1,1,0,0,25,0,2,0,0,0,1,0,0,0,0,1,0,1,0,0,0,0,0,0,0,0,0,1
373,0,1,1,0,1,26,0,1,1,0,0,1,0,0,0,0,1,0,1,0,0,0,0,0,0,0,0,0,1
374,0,1,1,0,3,19,0,1,1,1,0,0,0,0,0,0,1,0,0,1,0,0,0,0,0,0,0,0,1
375,0,0,0,1,2,26,0,5,0,0,0,1,0,0,1,0,0,0,1,0,0,0,0,0,0,0,0,0,1
376,1,0,0,0,3,37,0,2,0,1,0,0,0,0,0,1,0,0,0,1,0,0,0,0,0,0,0,0,1
377,1,0,1,0,0,31,0,1,1,0,0,1,0,0,1,0,0,0,1,0,0,0,0,0,0,0,0,0,1
378,0,1,1,2,3,25,1,3,0,1,0,0,0,0,0,0,1,0,0,1,0,0,0,1,0,0,0,0,0
379,0,1,1,0,0,19,0,1,1,0,0,1,0,0,0,0,1,0,0,1,0,0,0,0,0,0,0,0,1
380,0,1,1,0,0,27,0,1,1,0,0,1,0,0,0,0,1,0,1,0,0,0,0,0,0,0,0,0,1
381,1,0,2,0,3,21,0,1,1,1,0,0,0,0,1,0,0,0,0,1,0,0,0,0,0,0,0,0,1
382,1,0,0,2,2,27,0,3,0,0,0,1,0,0,1,0,0,0,0,1,0,0,0,0,0,0,0,0,1
383,0,1,1,0,1,18,0,1,1,0,0,1,0,0,0,0,1,0,1,0,0,0,0,0,0,0,0,0,1
384,1,0,2,0,3,51,0,2,0,1,0,0,0,0,0,1,0,0,1,0,0,0,0,0,0,0,0,0,1
385,0,1,1,0,0,22,0,1,1,0,0,1,0,0,0,0,1,0,1,0,0,0,0,0,0,0,0,0,1
386,0,1,1,0,3,25,0,1,1,0,1,0,0,0,0,0,1,0,1,0,0,0,0,0,0,0,0,0,1
387,0,1,0,2,3,31,0,8,0,0,0,1,0,0,0,0,0,1,1,0,0,0,0,0,0,0,0,0,1
388,1,0,2,0,1,16,0,1,1,0,1,0,0,0,1,0,0,0,1,0,0,0,0,0,0,0,0,0,1
389,0,1,1,0,0,20,0,1,1,0,0,1,0,0,0,0,1,0,0,0,1,0,0,0,0,0,0,0,1
390,1,0,1,0,1,21,0,1,1,0,1,0,0,0,1,0,0,0,0,1,0,0,0,0,0,0,0,0,1
391,1,1,2,2,3,26,1,4,0,1,0,0,0,0,0,0,1,0,1,0,0,0,1,0,0,0,0,0,0
392,1,1,1,0,0,22,0,1,1,0,0,1,0,0,0,0,1,0,1,0,0,0,0,0,0,0,0,0,1
393,0,1,1,0,1,28,0,3,0,0,0,1,0,0,0,0,1,0,1,0,0,0,0,0,0,0,0,0,1
394,1,0,1,0,3,22,1,2,0,1,0,0,0,0,1,0,0,0,0,1,0,0,0,0,1,0,0,0,0
395,1,0,1,2,2,51,1,3,0,0,0,1,0,0,0,1,0,0,1,0,0,0,0,0,0,0,0,1,0
396,0,1,1,0,0,19,0,1,1,0,0,1,0,0,0,0,1,0,1,0,0,0,0,0,0,0,0,0,1
397,0,0,1,0,0,19,0,1,1,0,0,1,0,0,1,0,0,0,1,0,0,0,0,0,0,0,0,0,1
398,0,1,2,0,2,23,0,1,1,0,1,0,0,0,0,0,1,0,1,0,0,0,0,0,0,0,0,0,1
399,0,1,1,0,1,16,0,1,1,0,1,0,0,1,0,0,0,0,1,0,0,0,0,0,0,0,0,0,1
400,1,0,1,0,1,32,0,1,1,0,1,0,0,0,0,1,0,0,1,0,0,0,0,0,0,0,0,0,1
401,1,1,2,0,1,18,0,1,1,0,0,1,0,0,0,0,1,0,1,0,0,0,0,0,0,0,0,0,1
402,0,1,1,0,1,15,0,1,1,0,0,1,0,0,0,0,1,0,1,0,0,0,0,0,0,0,0,0,1
403,0,0,1,0,1,24,0,2,0,0,0,1,0,0,1,0,0,0,1,0,0,0,0,0,0,0,0,0,1
404,0,1,1,0,2,30,0,2,0,0,0,1,0,0,0,0,1,0,1,0,0,0,0,0,0,0,0,0,1
405,0,0,1,0,1,23,0,1,1,0,0,1,0,0,1,0,0,0,1,0,0,0,0,0,0,0,0,0,1
406,0,1,2,0,2,18,0,2,0,0,1,0,0,0,0,0,1,0,1,0,0,0,0,0,0,0,0,0,1
407,0,1,3,0,0,32,0,1,1,0,0,1,0,0,0,0,1,0,1,0,0,0,0,0,0,0,0,0,1
408,1,1,0,1,2,30,0,3,0,0,1,0,0,0,0,0,0,1,1,0,0,0,0,0,0,0,0,0,1
409,0,1,1,0,0,33,0,1,1,0,0,1,0,0,0,0,1,0,1,0,0,0,0,0,0,0,0,0,1
410,0,0,2,1,2,18,0,5,0,0,0,1,0,0,1,0,0,0,1,0,0,0,0,0,0,0,0,0,1
411,0,1,2,0,0,18,0,1,1,0,0,1,0,0,0,0,1,0,1,0,0,0,0,0,0,0,0,0,1
412,0,1,2,0,0,15,0,1,1,0,0,1,0,0,0,0,1,0,0,0,1,0,0,0,0,0,0,0,1
413,1,0,2,0,3,22,1,2,0,1,0,0,0,0,1,0,0,0,0,0,1,0,0,1,0,0,0,0,0
414,0,1,2,0,0,30,0,1,1,0,1,0,0,0,0,0,1,0,1,0,0,0,0,0,0,0,0,0,1
415,1,1,2,0,1,25,0,1,1,0,0,1,0,0,0,0,1,0,1,0,0,0,0,0,0,0,0,0,1
416,0,0,1,0,1,39,0,1,1,0,0,1,0,0,0,1,0,0,1,0,0,0,0,0,0,0,0,0,1
417,1,0,2,1,3,47,0,3,0,0,1,0,0,0,0,1,0,0,1,0,0,0,0,0,0,0,0,0,1
418,1,0,1,2,1,29,0,3,0,0,1,0,0,0,1,0,0,0,1,0,0,0,0,0,0,0,0,0,1
419,0,1,1,0,1,26,0,1,1,0,1,0,0,0,0,0,1,0,1,0,0,0,0,0,0,0,0,0,1
420,0,0,0,2,2,25,0,3,0,0,0,1,0,0,1,0,0,0,1,0,0,0,0,0,0,0,0,0,1
421,0,1,2,0,0,22,0,1,1,0,0,1,0,0,0,0,1,0,0,1,0,0,0,0,0,0,0,0,1
422,0,1,1,0,0,19,0,1,1,0,0,1,0,0,0,0,1,0,0,0,1,0,0,0,0,0,0,0,1
423,0,1,1,0,0,18,0,1,1,0,0,1,0,0,0,0,1,0,1,0,0,0,0,0,0,0,0,0,1
424,0,0,1,1,1,54,0,3,0,0,0,1,0,0,0,1,0,0,1,0,0,0,0,0,0,0,0,0,1
425,0,1,1,1,2,27,0,3,0,0,0,1,0,0,0,0,1,0,1,0,0,0,0,0,0,0,0,0,1
426,0,1,2,0,0,22,0,1,1,0,0,1,0,0,0,0,1,0,1,0,0,0,0,0,0,0,0,0,1
427,1,0,1,0,2,43,0,2,0,0,1,0,0,0,0,1,0,0,1,0,0,0,0,0,0,0,0,0,1
428,1,0,1,0,2,67,0,1,1,0,1,0,0,0,1,0,0,0,1,0,0,0,0,0,0,0,0,0,1
429,0,1,1,0,0,16,0,1,1,0,0,1,0,0,0,0,1,0,0,0,1,0,0,0,0,0,0,0,1
430,1,1,1,0,1,34,1,1,1,0,0,1,0,0,0,0,1,0,1,0,0,0,0,0,0,1,0,0,0
431,1,1,1,0,2,41,1,1,1,1,0,0,0,0,0,0,1,0,1,0,0,0,0,1,0,0,0,0,0
432,1,0,2,0,2,49,0,2,0,0,0,1,0,0,0,1,0,0,1,0,0,0,0,0,0,0,0,0,1
433,1,0,2,0,2,51,0,2,0,0,1,0,0,0,0,1,0,0,1,0,0,0,0,0,0,0,0,0,1
434,0,1,1,0,0,26,0,1,1,0,0,1,0,0,0,0,1,0,1,0,0,0,0,0,0,0,0,0,1
435,0,1,3,0,3,25,1,2,0,1,0,0,0,0,0,0,1,0,1,0,0,0,0,0,0,1,0,0,0
436,1,0,0,2,3,25,1,4,0,1,0,0,0,0,1,0,0,0,1,0,0,0,1,0,0,0,0,0,0
437,0,0,1,2,3,36,0,5,0,0,0,1,0,0,1,0,0,0,1,0,0,0,0,0,0,0,0,0,1
438,1,0,1,3,2,37,0,6,0,0,1,0,0,0,0,1,0,0,1,0,0,0,0,0,0,0,0,0,1
439,0,1,3,4,3,17,1,6,0,1,0,0,0,0,0,0,1,0,1,0,0,0,0,1,0,0,0,0,0
440,0,1,1,0,1,38,0,1,1,0,1,0,0,0,0,0,1,0,1,0,0,0,0,0,0,0,0,0,1
441,1,0,2,1,2,43,0,3,0,0,1,0,0,0,0,1,0,0,1,0,0,0,0,0,0,0,0,0,1
442,0,1,1,0,1,15,0,1,1,0,0,1,0,0,0,0,1,0,1,0,0,0,0,0,0,0,0,0,1
443,0,1,1,0,0,25,0,2,0,0,0,1,0,0,0,0,1,0,1,0,0,0,0,0,0,0,0,0,1
444,1,0,1,0,1,25,0,1,1,0,1,0,0,0,0,1,0,0,1,0,0,0,0,0,0,0,0,0,1
445,1,1,1,0,1,33,0,1,1,0,0,1,0,0,0,0,1,0,1,0,0,0,0,0,0,0,0,0,1
446,1,1,0,2,3,25,1,3,0,1,0,0,0,0,0,0,0,1,1,0,0,1,0,0,0,0,0,0,0
447,1,0,0,1,2,33,0,2,0,0,1,0,0,0,1,0,0,0,1,0,0,0,0,0,0,0,0,0,1
448,1,1,2,0,2,27,0,1,1,1,0,0,0,0,0,0,1,0,1,0,0,0,0,0,0,0,0,0,1
449,1,0,0,1,2,30,0,4,0,0,0,1,0,0,1,0,0,0,0,1,0,0,0,0,0,0,0,0,1
450,1,1,3,0,2,30,1,1,1,1,0,0,0,1,0,0,0,0,1,0,0,0,0,1,0,0,0,0,0
451,0,1,2,2,2,21,0,4,0,0,1,0,0,0,0,0,1,0,1,0,0,0,0,0,0,0,0,0,1
452,0,1,1,0,2,31,0,2,0,0,0,1,0,0,0,0,1,0,1,0,0,0,0,0,0,0,0,0,1
453,0,1,1,0,2,31,1,1,1,1,0,0,0,0,0,0,1,0,0,1,0,0,0,1,0,0,0,0,0
454,1,1,3,0,3,24,1,2,0,1,0,0,0,0,0,0,1,0,0,1,0,0,0,1,0,0,0,0,0
455,0,1,1,0,1,19,0,1,1,0,0,1,0,0,0,0,1,0,1,0,0,0,0,0,0,0,0,0,1
456,1,1,1,0,0,18,0,1,1,0,0,1,0,0,0,0,1,0,0,1,0,0,0,0,0,0,0,0,1
457,0,1,5,0,2,25,1,1,1,1,0,0,0,0,0,0,1,0,1,0,0,0,0,0,0,1,0,0,0
458,1,0,1,0,3,33,1,2,0,1,0,0,0,0,0,1,0,0,1,0,0,0,0,0,1,0,0,0,0
459,1,0,3,0,1,19,0,1,1,0,1,0,0,0,1,0,0,0,1,0,0,0,0,0,0,0,0,0,1
460,0,1,2,0,0,21,0,1,1,0,0,1,0,0,0,0,1,0,0,0,1,0,0,0,0,0,0,0,1
461,1,1,2,0,2,19,1,1,1,1,0,0,0,0,0,0,1,0,1,0,0,0,0,0,0,1,0,0,0
462,0,1,2,0,1,19,0,1,1,0,0,1,0,0,0,0,1,0,1,0,0,0,0,0,0,0,0,0,1
463,0,1,2,0,3,17,1,1,1,1,0,0,0,0,0,0,1,0,1,0,0,0,0,0,0,1,0,0,0
464,0,1,2,0,1,28,0,1,1,0,1,0,0,0,0,0,1,0,1,0,0,0,0,0,0,0,0,0,1
465,0,1,2,0,1,18,0,1,1,0,0,1,0,0,0,0,1,0,1,0,0,0,0,0,0,0,0,0,1
466,0,1,2,0,0,31,0,1,1,0,0,1,0,0,0,0,1,0,1,0,0,0,0,0,0,0,0,0,1
467,0,1,1,0,0,21,0,1,1,0,1,0,0,0,0,0,1,0,1,0,0,0,0,0,0,0,0,0,1
468,0,1,3,0,2,26,0,1,1,1,0,0,0,0,0,0,1,0,1,0,0,0,0,0,0,0,0,0,1
469,0,1,2,0,0,18,0,1,1,0,0,1,0,0,0,0,1,0,0,0,1,0,0,0,0,0,0,0,1
470,1,0,0,1,2,29,0,4,0,0,0,1,0,0,1,0,0,0,0,1,0,0,0,0,0,0,0,0,1
471,0,1,2,0,0,17,0,1,1,0,0,1,0,0,0,0,1,0,1,0,0,0,0,0,0,0,0,0,1
472,0,1,2,0,1,15,0,1,1,0,0,1,0,0,0,0,1,0,1,0,0,0,0,0,0,0,0,0,1
473,1,0,2,2,2,39,0,4,0,0,1,0,0,0,0,1,0,0,1,0,0,0,0,0,0,0,0,0,1
474,1,0,1,0,1,44,1,1,1,0,1,0,0,0,0,1,0,0,0,1,0,0,0,0,1,0,0,0,0
475,0,0,1,0,1,27,0,1,1,0,0,1,0,0,1,0,0,0,1,0,0,0,0,0,0,0,0,0,1
476,0,1,2,0,3,27,1,1,1,1,0,0,0,0,0,0,1,0,1,0,0,1,0,0,0,0,0,0,0
477,0,1,2,0,2,23,0,2,0,0,1,0,0,0,0,0,1,0,1,0,0,0,0,0,0,0,0,0,1
478,0,1,1,0,0,25,0,2,0,0,0,1,0,0,0,0,1,0,1,0,0,0,0,0,0,0,0,0,1
479,0,1,1,0,0,25,0,1,1,0,0,1,0,0,0,0,1,0,1,0,0,0,0,0,0,0,0,0,1
480,1,0,0,1,1,24,0,2,0,0,0,1,0,0,1,0,0,0,1,0,0,0,0,0,0,0,0,0,1
481,0,1,0,2,3,30,0,8,0,0,0,1,0,0,0,0,0,1,1,0,0,0,0,0,0,0,0,0,1
482,0,1,1,0,0,32,0,1,1,0,1,0,0,0,0,0,1,0,1,0,0,0,0,0,0,0,0,0,1
483,0,1,3,0,1,24,0,1,1,0,0,1,0,0,0,0,1,0,1,0,0,0,0,0,0,0,0,0,1
484,1,0,3,0,1,22,0,1,1,0,0,1,0,0,0,1,0,0,1,0,0,0,0,0,0,0,0,0,1
485,1,1,1,0,3,23,1,2,0,1,0,0,0,0,0,0,1,0,0,1,0,0,1,0,0,0,0,0,0
486,0,0,1,1,2,22,0,5,0,0,0,1,0,0,1,0,0,0,1,0,0,0,0,0,0,0,0,0,1
487,1,0,2,0,3,47,1,2,0,1,0,0,0,0,0,1,0,0,1,0,0,0,0,1,0,0,0,0,0
488,0,1,3,0,2,23,1,1,1,1,0,0,0,0,0,0,1,0,0,1,0,0,1,0,0,0,0,0,0
489,0,1,1,0,1,29,0,1,1,0,0,1,0,0,0,0,1,0,1,0,0,0,0,0,0,0,0,0,1
490,1,1,0,1,2,37,0,3,0,0,0,1,0,0,0,0,0,1,1,0,0,0,0,0,0,0,0,0,1
491,0,1,1,0,2,36,0,2,0,0,0,1,0,0,0,0,1,0,1,0,0,0,0,0,0,0,0,0,1
492,0,1,1,0,0,19,0,1,1,0,0,1,0,0,0,0,1,0,1,0,0,0,0,0,0,0,0,0,1
493,0,1,3,0,2,26,1,1,1,1,0,0,0,0,0,0,1,0,1,0,0,0,0,1,0,0,0,0,0
494,0,1,5,0,3,23,0,1,1,1,0,0,0,0,0,0,1,0,0,1,0,0,0,0,0,0,0,0,1
495,0,1,1,0,1,26,0,1,1,0,0,1,0,0,0,0,1,0,1,0,0,0,0,0,0,0,0,0,1
496,0,1,2,0,2,21,0,1,1,0,0,1,0,0,0,0,1,0,0,1,0,0,0,0,0,0,0,0,1
497,1,0,3,0,3,30,1,2,0,1,0,0,0,0,1,0,0,0,0,1,0,0,0,0,1,0,0,0,0
498,0,1,2,0,2,31,0,1,1,0,0,1,0,0,0,0,1,0,1,0,0,0,0,0,0,0,0,0,1
499,0,0,1,2,3,47,1,4,0,1,0,0,0,0,0,1,0,0,1,0,0,0,0,1,0,0,0,0,0
500,0,1,1,0,0,18,0,1,1,0,0,1,0,0,0,0,1,0,1,0,0,0,0,0,0,0,0,0,1
501,0,1,1,0,1,16,0,1,1,0,0,1,0,0,0,0,1,0,1,0,0,0,0,0,0,0,0,0,1
502,0,0,1,0,0,19,0,1,1,0,0,1,0,0,1,0,0,0,0,0,1,0,0,0,0,0,0,0,1
503,0,0,2,0,0,30,0,1,1,0,0,1,0,0,1,0,0,0,0,0,1,0,0,0,0,0,0,0,1
504,0,0,2,0,1,30,0,1,1,0,0,1,0,0,1,0,0,0,1,0,0,0,0,0,0,0,0,0,1
505,1,0,0,0,3,21,1,1,1,1,0,0,0,0,1,0,0,0,1,0,0,0,1,0,0,0,0,0,0
506,0,1,1,0,3,42,1,2,0,1,0,0,0,0,0,0,1,0,0,1,0,0,0,1,0,0,0,0,0
507,1,0,2,2,2,45,0,3,0,0,1,0,0,0,0,1,0,0,1,0,0,0,0,0,0,0,0,0,1
508,1,1,1,0,2,45,0,1,1,1,0,0,0,0,0,0,1,0,1,0,0,0,0,0,0,0,0,0,1
509,0,1,1,0,2,24,0,1,1,0,0,1,0,0,0,0,1,0,1,0,0,0,0,0,0,0,0,0,1
510,1,1,1,0,3,14,0,1,1,0,0,1,0,0,0,0,1,0,1,0,0,0,0,0,0,0,0,0,1
511,1,1,1,0,0,24,0,1,1,0,0,1,0,0,0,0,1,0,0,0,1,0,0,0,0,0,0,0,1
512,0,1,2,0,1,17,0,1,1,0,0,1,0,0,0,0,1,0,1,0,0,0,0,0,0,0,0,0,1
513,1,1,2,0,2,25,1,1,1,1,0,0,0,0,0,0,1,0,1,0,0,0,0,0,0,1,0,0,0
514,1,0,3,0,3,46,0,2,0,1,0,0,0,0,0,1,0,0,0,1,0,0,0,0,0,0,0,0,1
515,0,1,1,0,0,17,0,1,1,0,0,1,0,0,0,0,1,0,1,0,0,0,0,0,0,0,0,0,1
516,0,1,2,0,3,28,1,1,1,1,0,0,0,0,0,0,1,0,1,0,0,0,0,0,1,0,0,0,0
517,1,0,2,0,1,28,1,1,1,0,1,0,0,0,0,1,0,0,1,0,0,0,0,0,0,0,1,0,0
518,0,1,2,0,2,17,0,1,1,0,0,1,0,0,0,0,1,0,0,0,1,0,0,0,0,0,0,0,1
519,1,0,2,0,2,52,0,2,0,0,1,0,0,0,0,1,0,0,1,0,0,0,0,0,0,0,0,0,1
520,0,1,1,0,0,19,0,1,1,0,0,1,0,0,0,0,1,0,1,0,0,0,0,0,0,0,0,0,1
521,1,0,1,0,3,21,1,1,1,1,0,0,0,0,1,0,0,0,1,0,0,0,1,0,0,0,0,0,0
522,0,1,1,0,0,15,0,1,1,0,0,1,0,0,0,0,1,0,1,0,0,0,0,0,0,0,0,0,1
523,0,1,2,0,0,18,0,1,1,0,0,1,0,0,0,0,1,0,0,1,0,0,0,0,0,0,0,0,1
524,1,0,2,1,3,47,1,2,0,1,0,0,0,0,0,1,0,0,0,1,0,0,1,0,0,0,0,0,0
525,0,1,2,0,0,17,0,1,1,0,0,1,0,0,0,0,1,0,0,1,0,0,0,0,0,0,0,0,1
526,0,1,2,0,0,18,0,1,1,0,0,1,0,0,0,0,1,0,0,0,1,0,0,0,0,0,0,0,1
527,1,0,3,0,1,20,0,1,1,0,1,0,0,0,1,0,0,0,1,0,0,0,0,0,0,0,0,0,1
528,0,1,1,0,3,18,1,1,1,1,0,0,0,0,0,0,1,0,1,0,0,0,0,1,0,0,0,0,0
529,0,1,2,0,1,25,0,1,1,0,0,1,0,0,0,0,1,0,1,0,0,0,0,0,0,0,0,0,1
530,0,1,1,1,1,27,0,4,0,0,1,0,0,0,0,0,1,0,1,0,0,0,0,0,0,0,0,0,1
531,1,0,0,1,2,24,0,3,0,0,1,0,0,0,1,0,0,0,1,0,0,0,0,0,0,0,0,0,1
532,0,1,2,0,0,17,0,1,1,0,0,1,0,0,0,0,1,0,0,1,0,0,0,0,0,0,0,0,1
533,0,1,1,1,0,20,0,3,0,0,0,1,0,0,0,0,1,0,0,1,0,0,0,0,0,0,0,0,1
534,1,0,1,2,2,38,0,3,0,0,0,1,0,0,0,1,0,0,0,1,0,0,0,0,0,0,0,0,1
535,0,0,1,0,1,19,0,1,1,0,0,1,0,0,1,0,0,0,1,0,0,0,0,0,0,0,0,0,1
536,1,0,0,2,2,22,0,3,0,0,1,0,0,0,1,0,0,0,1,0,0,0,0,0,0,0,0,0,1
537,0,1,2,0,2,33,1,1,1,1,0,0,0,1,0,0,0,0,1,0,0,0,1,0,0,0,0,0,0
538,1,0,1,0,3,19,0,1,1,1,0,0,0,0,1,0,0,0,0,1,0,0,0,0,0,0,0,0,1
539,0,1,2,0,2,24,0,1,1,0,0,1,0,0,0,0,1,0,1,0,0,0,0,0,0,0,0,0,1
540,1,0,1,2,3,34,1,3,0,1,0,0,0,0,1,0,0,0,0,1,0,0,1,0,0,0,0,0,0
541,1,0,2,2,3,23,1,3,0,1,0,0,0,0,1,0,0,0,1,0,0,0,1,0,0,0,0,0,0
542,0,0,0,2,3,36,0,7,0,0,0,1,0,0,1,0,0,0,1,0,0,0,0,0,0,0,0,0,1
543,0,0,0,2,3,33,0,7,0,0,0,1,0,0,1,0,0,0,1,0,0,0,0,0,0,0,0,0,1
544,1,1,1,0,2,17,0,2,0,0,1,0,0,0,0,0,1,0,1,0,0,0,0,0,0,0,0,0,1
545,0,1,3,0,3,26,1,2,0,1,0,0,0,0,0,0,1,0,0,1,0,0,0,1,0,0,0,0,0
546,0,1,3,0,2,28,0,1,1,1,0,0,0,0,0,0,1,0,1,0,0,0,0,0,0,0,0,0,1
547,1,0,1,0,2,33,0,2,0,0,1,0,0,0,0,1,0,0,1,0,0,0,0,0,0,0,0,0,1
548,1,1,0,0,1,26,0,1,1,0,1,0,0,0,0,0,1,0,0,1,0,0,0,0,0,0,0,0,1
549,0,1,2,1,2,25,0,3,0,0,0,1,0,0,0,0,1,0,1,0,0,0,0,0,0,0,0,0,1
550,1,1,0,1,3,30,0,3,0,0,1,0,0,0,0,0,0,1,1,0,0,0,0,0,0,0,0,0,1
551,1,1,1,2,3,27,1,3,0,1,0,0,0,0,0,0,1,0,0,1,0,0,0,1,0,0,0,0,0
552,0,1,1,0,2,27,0,1,1,0,1,0,0,0,0,0,1,0,1,0,0,0,0,0,0,0,0,0,1
553,0,1,2,0,0,20,0,1,1,0,0,1,0,0,0,0,1,0,0,0,1,0,0,0,0,0,0,0,1
554,1,1,1,0,0,33,0,1,1,0,0,1,0,0,0,0,1,0,0,1,0,0,0,0,0,0,0,0,1
555,1,0,1,0,0,18,0,1,1,0,0,1,0,0,1,0,0,0,1,0,0,0,0,0,0,0,0,0,1
556,0,1,3,0,2,18,0,1,1,1,0,0,0,0,0,0,1,0,1,0,0,0,0,0,0,0,0,0,1
557,1,0,2,0,3,65,1,2,0,1,0,0,1,0,0,0,0,0,0,1,0,1,0,0,0,0,0,0,0
558,0,1,1,0,3,19,0,1,1,1,0,0,0,0,0,0,1,0,0,1,0,0,0,0,0,0,0,0,1
559,1,0,2,1,3,38,1,3,0,1,0,0,0,0,0,1,0,0,1,0,0,0,0,0,0,1,0,0,0
560,1,0,2,0,2,44,0,2,0,0,0,1,0,0,0,1,0,0,1,0,0,0,0,0,0,0,0,0,1
561,0,1,1,0,0,24,0,1,1,0,0,1,0,0,0,0,1,0,0,0,1,0,0,0,0,0,0,0,1
562,0,1,2,0,0,17,0,1,1,0,0,1,0,0,0,0,1,0,1,0,0,0,0,0,0,0,0,0,1
563,0,1,1,0,1,26,0,1,1,0,1,0,0,0,0,0,1,0,1,0,0,0,0,0,0,0,0,0,1
564,0,1,1,0,1,17,0,1,1,0,0,1,0,0,0,0,1,0,1,0,0,0,0,0,0,0,0,0,1
565,0,0,1,0,1,30,0,1,1,0,0,1,0,0,1,0,0,0,1,0,0,0,0,0,0,0,0,0,1
566,0,1,1,0,2,20,0,3,0,0,0,1,0,0,0,0,1,0,1,0,0,0,0,0,0,0,0,0,1
567,0,1,1,0,0,20,0,1,1,0,0,1,0,0,0,0,1,0,1,0,0,0,0,0,0,0,0,0,1
568,0,0,1,4,2,43,0,5,0,0,0,1,0,0,0,1,0,0,1,0,0,0,0,0,0,0,0,0,1
569,0,1,2,0,0,19,0,1,1,0,0,1,0,0,0,0,1,0,0,1,0,0,0,0,0,0,0,0,1
570,1,1,1,0,0,17,0,1,1,0,0,1,0,0,0,0,1,0,1,0,0,0,0,0,0,0,0,0,1
571,1,1,3,0,1,18,0,1,1,0,1,0,0,0,0,0,1,0,1,0,0,0,0,0,0,0,0,0,1
572,1,0,3,0,3,45,1,3,0,1,0,0,0,0,0,1,0,0,1,0,0,0,0,1,0,0,0,0,0
573,1,1,2,0,2,32,1,1,1,1,0,0,0,0,0,0,1,0,1,0,0,0,0,0,0,1,0,0,0
574,1,0,2,0,0,17,0,1,1,0,0,1,0,0,1,0,0,0,0,0,1,0,0,0,0,0,0,0,1
575,0,1,0,0,1,28,0,1,1,0,0,1,0,0,0,0,1,0,1,0,0,0,0,0,0,0,0,0,1
576,0,1,1,0,2,20,0,1,1,0,0,1,0,0,0,0,1,0,1,0,0,0,0,0,0,0,0,0,1
577,1,0,2,0,1,20,0,1,1,0,1,0,0,0,1,0,0,0,1,0,0,0,0,0,0,0,0,0,1
578,1,0,2,0,3,41,1,2,0,1,0,0,0,0,0,1,0,0,1,0,0,0,0,0,0,1,0,0,0
579,0,0,1,0,2,32,0,2,0,0,0,1,0,0,0,1,0,0,0,1,0,0,0,0,0,0,0,0,1
580,1,1,1,0,1,19,0,1,1,0,0,1,0,0,0,0,1,0,1,0,0,0,0,0,0,0,0,0,1
581,1,0,1,1,2,27,0,3,0,0,1,0,0,0,1,0,0,0,1,0,0,0,0,0,0,0,0,0,1
582,1,0,2,1,3,52,1,3,0,1,0,0,0,0,0,1,0,0,0,1,0,0,0,1,0,0,0,0,0
583,0,1,3,0,2,26,0,1,1,0,1,0,0,0,0,0,1,0,1,0,0,0,0,0,0,0,0,0,1
584,0,1,2,0,3,19,1,1,1,1,0,0,0,0,0,0,1,0,0,1,0,1,0,0,0,0,0,0,0
585,0,1,1,0,1,19,0,1,1,0,0,1,0,0,0,0,1,0,0,1,0,0,0,0,0,0,0,0,1
586,1,0,1,2,3,19,1,3,0,1,0,0,0,0,1,0,0,0,1,0,0,0,0,0,0,1,0,0,0
587,0,1,2,0,2,23,0,1,1,0,1,0,0,0,0,0,1,0,1,0,0,0,0,0,0,0,0,0,1
588,1,1,3,1,3,32,1,3,0,1,0,0,0,0,0,0,1,0,0,1,0,0,1,0,0,0,0,0,0
589,0,1,1,0,1,21,0,1,1,0,0,1,0,0,0,0,1,0,1,0,0,0,0,0,0,0,0,0,1
590,0,1,2,0,1,19,0,1,1,0,0,1,0,0,0,0,1,0,1,0,0,0,0,0,0,0,0,0,1
591,0,1,2,0,0,20,0,1,1,0,0,1,0,0,0,0,1,0,1,0,0,0,0,0,0,0,0,0,1
592,1,0,3,0,3,47,1,2,0,1,0,0,0,0,0,1,0,0,0,1,0,0,0,0,1,0,0,0,0
593,0,1,2,0,0,26,0,1,1,0,0,1,0,0,0,0,1,0,1,0,0,0,0,0,0,0,0,0,1
594,0,0,0,2,0,18,0,3,0,0,0,1,0,0,1,0,0,0,0,0,1,0,0,0,0,0,0,0,1
595,0,1,2,0,2,23,0,2,0,0,1,0,0,0,0,0,1,0,1,0,0,0,0,0,0,0,0,0,1
596,0,1,2,1,2,27,0,3,0,0,0,1,0,0,0,0,1,0,1,0,0,0,0,0,0,0,0,0,1
597,1,0,2,0,3,26,0,1,1,0,1,0,0,0,1,0,0,0,1,0,0,0,0,0,0,0,0,0,1
598,0,1,3,0,0,19,0,1,1,0,0,1,0,0,0,0,1,0,1,0,0,0,0,0,0,0,0,0,1
599,0,1,1,0,0,17,0,1,1,0,0,1,0,0,0,0,1,0,0,1,0,0,0,0,0,0,0,0,1
600,1,1,3,0,3,44,1,2,0,1,0,0,1,0,0,0,0,0,0,1,0,1,0,0,0,0,0,0,0
601,1,0,1,1,2,51,0,4,0,0,1,0,0,0,0,1,0,0,1,0,0,0,0,0,0,0,0,0,1
602,0,1,0,0,0,20,0,1,1,0,0,1,0,0,0,0,1,0,1,0,0,0,0,0,0,0,0,0,1
603,0,1,2,0,3,25,0,1,1,1,0,0,0,0,0,0,1,0,1,0,0,0,0,0,0,0,0,0,1
604,0,1,2,0,1,25,0,1,1,0,0,1,0,0,0,0,1,0,1,0,0,0,0,0,0,0,0,0,1
605,1,1,2,0,2,31,0,1,1,1,0,0,0,0,0,0,1,0,0,1,0,0,0,0,0,0,0,0,1
606,0,1,2,0,2,29,0,2,0,0,0,1,0,0,0,0,1,0,1,0,0,0,0,0,0,0,0,0,1
607,0,1,1,0,0,17,0,1,1,0,0,1,0,0,0,0,1,0,1,0,0,0,0,0,0,0,0,0,1
608,1,1,1,0,2,27,0,1,1,1,0,0,0,0,0,0,1,0,1,0,0,0,0,0,0,0,0,0,1
609,1,0,1,2,3,53,0,4,0,0,1,0,0,0,0,1,0,0,0,1,0,0,0,0,0,0,0,0,1
610,1,0,2,0,3,25,1,1,1,1,0,0,0,0,1,0,0,0,1,0,0,0,0,1,0,0,0,0,0
611,0,0,2,5,3,57,0,7,0,0,0,1,0,0,0,1,0,0,1,0,0,0,0,0,0,0,0,0,1
612,0,1,1,0,0,21,0,1,1,0,0,1,0,0,0,0,1,0,1,0,0,0,0,0,0,0,0,0,1
613,1,0,1,0,2,27,0,2,0,0,0,1,0,0,1,0,0,0,0,0,1,0,0,0,0,0,0,0,1
614,0,1,1,0,0,16,0,1,1,0,0,1,0,0,0,0,1,0,0,0,1,0,0,0,0,0,0,0,1
615,0,1,2,0,1,31,0,1,1,0,0,1,0,0,0,0,1,0,1,0,0,0,0,0,0,0,0,0,1
616,1,0,1,2,3,19,0,4,0,0,1,0,0,0,1,0,0,0,1,0,0,0,0,0,0,0,0,0,1
617,0,1,2,1,1,25,0,3,0,0,0,1,0,0,0,0,1,0,1,0,0,0,0,0,0,0,0,0,1
618,0,0,1,0,2,47,0,2,0,0,0,1,0,0,0,1,0,0,1,0,0,0,0,0,0,0,0,0,1
619,1,0,0,1,3,27,1,4,0,0,1,0,0,0,1,0,0,0,1,0,0,0,0,0,0,0,1,0,0
620,0,1,1,0,1,19,0,1,1,0,1,0,0,0,0,0,1,0,1,0,0,0,0,0,0,0,0,0,1
621,0,1,1,0,2,19,0,2,0,0,0,1,0,0,0,0,1,0,0,1,0,0,0,0,0,0,0,0,1
622,1,1,2,0,3,28,1,2,0,1,0,0,0,0,0,0,1,0,1,0,0,0,0,0,1,0,0,0,0
623,1,1,1,1,2,16,0,3,0,0,0,1,0,0,0,0,1,0,0,1,0,0,0,0,0,0,0,0,1
624,0,1,1,0,0,27,0,1,1,0,0,1,0,0,0,0,1,0,1,0,0,0,0,0,0,0,0,0,1
625,0,1,1,0,2,27,0,1,1,0,0,1,0,0,0,0,1,0,1,0,0,0,0,0,0,0,0,0,1
626,0,1,3,0,3,21,1,1,1,1,0,0,0,0,0,0,1,0,1,0,0,0,0,0,1,0,0,0,0
627,0,1,3,0,1,30,0,1,1,0,1,0,0,1,0,0,0,0,0,0,1,0,0,0,0,0,0,0,1
628,1,0,1,0,3,29,1,1,1,1,0,0,0,0,1,0,0,0,1,0,0,0,0,0,1,0,0,0,0
629,0,1,1,0,0,25,0,1,1,0,0,1,0,0,0,0,1,0,1,0,0,0,0,0,0,0,0,0,1
630,0,1,1,0,0,24,0,1,1,0,0,1,0,0,0,0,1,0,0,0,1,0,0,0,0,0,0,0,1
631,1,1,5,0,2,36,1,1,1,1,0,0,0,0,0,0,1,0,1,0,0,1,0,0,0,0,0,0,0
632,0,1,3,0,0,27,0,1,1,0,0,1,0,0,0,0,1,0,1,0,0,0,0,0,0,0,0,0,1
633,1,1,1,0,2,25,1,1,1,1,0,0,0,1,0,0,0,0,0,1,0,0,1,0,0,0,0,0,0
634,0,1,2,0,0,29,0,1,1,1,0,0,0,0,0,0,1,0,1,0,0,0,0,0,0,0,0,0,1
635,0,0,0,2,2,18,0,6,0,0,0,1,0,0,1,0,0,0,1,0,0,0,0,0,0,0,0,0,1
636,1,0,1,0,1,17,0,1,1,0,1,0,0,0,1,0,0,0,1,0,0,0,0,0,0,0,0,0,1
637,0,1,1,0,1,26,0,1,1,0,0,1,0,0,0,0,1,0,1,0,0,0,0,0,0,0,0,0,1
638,0,1,1,1,2,19,0,3,0,0,1,0,0,0,0,0,1,0,1,0,0,0,0,0,0,0,0,0,1
639,0,0,2,5,3,38,0,6,0,0,0,1,0,0,0,1,0,0,1,0,0,0,0,0,0,0,0,0,1
640,0,1,0,0,2,26,0,2,0,0,0,1,0,0,0,0,1,0,1,0,0,0,0,0,0,0,0,0,1
641,0,1,1,0,0,22,0,1,1,0,0,1,0,0,0,0,1,0,1,0,0,0,0,0,0,0,0,0,1
642,1,0,1,0,3,20,1,1,1,1,0,0,0,0,1,0,0,0,0,1,0,0,1,0,0,0,0,0,0
643,0,0,0,2,2,29,0,6,0,0,0,1,0,0,1,0,0,0,1,0,0,0,0,0,0,0,0,0,1
644,1,1,1,0,3,15,0,1,1,0,0,1,0,0,0,0,1,0,1,0,0,0,0,0,0,0,0,0,1
645,1,0,0,1,2,22,0,4,0,0,0,1,0,0,1,0,0,0,0,1,0,0,0,0,0,0,0,0,1
646,1,1,2,0,3,25,1,2,0,1,0,0,0,0,0,0,1,0,0,1,0,0,0,0,1,0,0,0,0
647,0,1,1,0,0,17,0,1,1,0,0,1,0,0,0,0,1,0,1,0,0,0,0,0,0,0,0,0,1
648,1,1,3,0,3,35,1,1,1,1,0,0,0,1,0,0,0,0,0,1,0,1,0,0,0,0,0,0,0
649,0,1,1,0,0,18,0,1,1,0,0,1,0,0,0,0,1,0,1,0,0,0,0,0,0,0,0,0,1
650,1,0,1,0,0,31,0,1,1,0,0,1,0,0,1,0,0,0,1,0,0,0,0,0,0,0,0,0,1
651,0,1,1,0,0,17,0,1,1,0,0,1,0,0,0,0,1,0,1,0,0,0,0,0,0,0,0,0,1
652,1,0,1,1,2,19,0,2,0,0,1,0,0,0,1,0,0,0,1,0,0,0,0,0,0,0,0,0,1
653,0,1,1,0,1,30,0,1,1,0,0,1,0,0,0,0,1,0,1,0,0,0,0,0,0,0,0,0,1
654,1,0,1,0,0,29,0,1,1,0,0,1,0,0,1,0,0,0,0,0,1,0,0,0,0,0,0,0,1
655,0,0,1,0,0,28,0,1,1,0,0,1,0,0,1,0,0,0,0,0,1,0,0,0,0,0,0,0,1
656,0,1,1,0,3,25,0,3,0,0,1,0,0,0,0,0,1,0,1,0,0,0,0,0,0,0,0,0,1
657,0,1,2,0,0,21,0,1,1,0,0,1,0,0,0,0,1,0,1,0,0,0,0,0,0,0,0,0,1
658,0,0,1,1,2,29,0,3,0,0,0,1,0,0,0,1,0,0,0,0,1,0,0,0,0,0,0,0,1
659,0,1,1,0,1,28,0,1,1,0,1,0,0,0,0,0,1,0,1,0,0,0,0,0,0,0,0,0,1
660,0,1,3,2,3,26,1,3,0,1,0,0,0,0,0,0,1,0,0,1,0,0,0,0,1,0,0,0,0
661,1,1,3,0,3,29,0,3,0,1,0,0,0,1,0,0,0,0,1,0,0,0,0,0,0,0,0,0,1
662,0,1,2,0,0,17,0,1,1,0,0,1,0,0,0,0,1,0,0,1,0,0,0,0,0,0,0,0,1
663,0,1,2,0,2,26,1,1,1,1,0,0,0,0,0,0,1,0,1,0,0,0,0,0,0,1,0,0,0
664,0,1,2,0,0,16,0,1,1,0,0,1,0,0,0,0,1,0,1,0,0,0,0,0,0,0,0,0,1
665,1,1,1,0,1,27,0,2,0,0,0,1,0,0,0,0,1,0,1,0,0,0,0,0,0,0,0,0,1
666,0,1,1,0,3,18,0,3,0,0,1,0,0,0,0,0,1,0,1,0,0,0,0,0,0,0,0,0,1
667,0,1,1,0,1,27,0,1,1,0,1,0,0,0,0,0,1,0,1,0,0,0,0,0,0,0,0,0,1
668,0,1,2,0,0,26,0,1,1,0,0,1,0,0,0,0,1,0,1,0,0,0,0,0,0,0,0,0,1
669,0,1,2,0,1,15,0,1,1,0,0,1,0,0,0,0,1,0,1,0,0,0,0,0,0,0,0,0,1
670,1,0,0,0,3,49,1,2,0,1,0,0,0,0,0,1,0,0,1,0,0,0,0,1,0,0,0,0,0
671,1,0,2,1,3,61,0,3,0,0,1,0,0,0,0,1,0,0,1,0,0,0,0,0,0,0,0,0,1
672,0,1,1,0,3,22,1,2,0,1,0,0,0,0,0,0,1,0,1,0,0,0,1,0,0,0,0,0,0
673,0,1,5,0,1,27,0,1,1,0,1,0,0,0,0,0,1,0,1,0,0,0,0,0,0,0,0,0,1
674,1,1,1,0,1,21,0,1,1,0,1,0,0,0,0,0,1,0,1,0,0,0,0,0,0,0,0,0,1
675,0,1,1,0,0,26,0,1,1,0,1,0,0,0,0,0,1,0,1,0,0,0,0,0,0,0,0,0,1
676,0,1,1,0,0,30,0,1,1,0,0,1,0,0,0,0,1,0,1,0,0,0,0,0,0,0,0,0,1
677,0,1,1,0,1,29,0,1,1,0,0,1,0,0,0,0,1,0,1,0,0,0,0,0,0,0,0,0,1
678,1,0,1,0,1,23,0,1,1,0,0,1,0,0,1,0,0,0,1,0,0,0,0,0,0,0,0,0,1
679,0,0,2,6,3,39,0,8,0,0,0,1,0,0,0,1,0,0,1,0,0,0,0,0,0,0,0,0,1
680,1,1,2,1,3,34,1,2,0,1,0,0,0,0,0,0,1,0,0,1,0,0,1,0,0,0,0,0,0
681,0,0,1,0,1,19,0,1,1,0,0,1,0,0,1,0,0,0,0,0,1,0,0,0,0,0,0,0,1
682,1,1,1,0,3,18,1,1,1,1,0,0,0,0,0,0,1,0,0,1,0,0,0,0,1,0,0,0,0
683,0,1,1,0,1,27,0,1,1,0,0,1,0,0,0,0,1,0,1,0,0,0,0,0,0,0,0,0,1
684,0,1,0,2,3,27,0,8,0,0,0,1,0,0,0,0,1,0,1,0,0,0,0,0,0,0,0,0,1
685,0,1,3,1,3,33,0,3,0,0,1,0,0,0,0,0,1,0,1,0,0,0,0,0,0,0,0,0,1
686,0,1,1,2,3,38,0,4,0,0,1,0,0,0,0,0,1,0,0,1,0,0,0,0,0,0,0,0,1
687,0,1,0,1,3,24,0,6,0,0,0,1,0,0,0,0,1,0,1,0,0,0,0,0,0,0,0,0,1
688,0,1,1,0,1,17,0,1,1,0,0,1,0,0,0,0,1,0,1,0,0,0,0,0,0,0,0,0,1
689,0,1,1,0,0,31,0,1,1,0,0,1,0,0,0,0,1,0,1,0,0,0,0,0,0,0,0,0,1
690,1,0,0,1,3,33,1,2,0,1,0,0,0,0,1,0,0,0,1,0,0,0,1,0,0,0,0,0,0
691,1,1,1,0,3,23,1,2,0,1,0,0,0,0,0,0,1,0,1,0,0,0,1,0,0,0,0,0,0
692,1,0,0,1,1,18,0,2,0,0,0,1,0,0,1,0,0,0,0,1,0,0,0,0,0,0,0,0,1
693,1,1,2,0,3,12,0,1,1,0,0,1,0,0,0,0,1,0,1,0,0,0,0,0,0,0,0,0,1
694,0,1,1,0,0,16,0,1,1,0,0,1,0,0,0,0,1,0,0,1,0,0,0,0,0,0,0,0,1
695,0,1,3,0,2,15,0,1,1,1,0,0,0,1,0,0,0,0,1,0,0,0,0,0,0,0,0,0,1
696,0,1,3,0,1,26,0,1,1,0,1,0,0,0,0,0,1,0,1,0,0,0,0,0,0,0,0,0,1
697,0,1,2,0,1,16,0,1,1,0,0,1,0,0,0,0,1,0,1,0,0,0,0,0,0,0,0,0,1
698,1,0,2,0,0,32,0,1,1,0,0,1,0,0,1,0,0,0,0,0,1,0,0,0,0,0,0,0,1
699,0,1,3,1,3,24,1,3,0,1,0,0,0,0,0,0,1,0,0,1,0,0,0,1,0,0,0,0,0
700,0,1,2,0,0,40,1,1,1,0,0,1,0,0,0,0,1,0,1,0,0,0,0,0,0,0,1,0,0
701,1,0,1,0,3,49,1,2,0,1,0,0,0,0,0,1,0,0,0,1,0,0,0,1,0,0,0,0,0
702,1,1,2,0,2,32,1,1,1,1,0,0,0,0,0,0,1,0,1,0,0,0,0,0,0,1,0,0,0
703,0,0,1,1,2,21,0,2,0,0,0,1,0,0,1,0,0,0,0,1,0,0,0,0,0,0,0,0,1
704,0,1,1,0,0,21,0,1,1,0,0,1,0,0,0,0,1,0,0,0,1,0,0,0,0,0,0,0,1
705,0,1,1,0,0,23,0,2,0,0,0,1,0,0,0,0,1,0,1,0,0,0,0,0,0,0,0,0,1
706,0,1,2,0,2,46,0,1,1,0,1,0,0,0,0,0,1,0,1,0,0,0,0,0,0,0,0,0,1
707,1,0,2,0,1,29,0,1,1,0,1,0,0,0,0,1,0,0,1,0,0,0,0,0,0,0,0,0,1
708,1,1,2,0,2,33,1,1,1,1,0,0,0,0,0,0,1,0,1,0,0,0,0,0,0,1,0,0,0
709,1,0,1,0,3,20,0,1,1,1,0,0,0,0,1,0,0,0,1,0,0,0,0,0,0,0,0,0,1
710,1,1,1,1,2,49,0,3,0,0,0,1,0,0,0,0,0,1,0,1,0,0,0,0,0,0,0,0,1
711,1,0,1,0,3,48,1,1,1,1,0,0,0,0,1,0,0,0,0,1,0,0,0,1,0,0,0,0,0
712,0,1,1,0,2,18,1,1,1,1,0,0,0,0,0,0,1,0,1,0,0,0,0,1,0,0,0,0,0
713,1,1,2,0,3,24,1,2,0,1,0,0,0,0,0,0,1,0,1,0,0,0,0,1,0,0,0,0,0
714,0,1,1,0,1,26,0,1,1,0,0,1,0,0,0,0,1,0,1,0,0,0,0,0,0,0,0,0,1
715,0,1,3,0,1,21,0,1,1,0,1,0,0,0,0,0,1,0,1,0,0,0,0,0,0,0,0,0,1
716,0,1,1,0,0,42,1,1,1,0,0,1,0,0,0,0,1,0,1,0,0,0,0,0,0,0,1,0,0
717,1,0,2,0,3,29,1,1,1,1,0,0,0,0,1,0,0,0,0,1,0,0,0,1,0,0,0,0,0
718,1,0,1,0,1,35,1,1,1,0,1,0,0,0,1,0,0,0,1,0,0,0,0,0,0,1,0,0,0
719,0,1,1,0,2,19,0,1,1,0,0,1,0,0,0,0,1,0,0,0,1,0,0,0,0,0,0,0,1
720,0,1,2,0,0,28,0,1,1,0,0,1,0,0,0,0,1,0,1,0,0,0,0,0,0,0,0,0,1
721,1,0,0,1,3,33,0,2,0,0,1,0,0,0,1,0,0,0,1,0,0,0,0,0,0,0,0,0,1
722,0,1,1,0,0,25,0,2,0,0,0,1,0,0,0,0,1,0,1,0,0,0,0,0,0,0,0,0,1
723,0,1,2,0,1,28,0,1,1,0,1,0,0,0,0,0,1,0,1,0,0,0,0,0,0,0,0,0,1
724,0,1,3,0,1,23,0,1,1,0,1,0,0,0,0,0,1,0,1,0,0,0,0,0,0,0,0,0,1
725,1,1,1,0,3,29,1,2,0,1,0,0,0,0,0,0,1,0,1,0,0,0,0,0,0,1,0,0,0
726,0,1,1,0,1,19,0,1,1,0,0,1,0,0,0,0,1,0,1,0,0,0,0,0,0,0,0,0,1
727,1,0,1,0,2,43,0,4,0,0,1,0,0,0,0,1,0,0,1,0,0,0,0,0,0,0,0,0,1
728,1,0,1,0,0,24,0,1,1,0,0,1,0,0,1,0,0,0,0,0,1,0,0,0,0,0,0,0,1
729,0,1,1,0,2,31,0,2,0,0,1,0,0,0,0,0,1,0,1,0,0,0,0,0,0,0,0,0,1
730,0,0,1,0,1,29,0,2,0,0,0,1,0,0,1,0,0,0,1,0,0,0,0,0,0,0,0,0,1
731,1,0,1,0,3,29,1,1,1,1,0,0,0,0,1,0,0,0,1,0,0,0,1,0,0,0,0,0,0
732,0,1,0,0,2,24,0,1,1,0,0,1,0,0,0,0,1,0,0,1,0,0,0,0,0,0,0,0,1
733,0,1,1,0,0,20,0,1,1,0,1,0,0,0,0,0,1,0,1,0,0,0,0,0,0,0,0,0,1
734,0,1,1,0,1,26,0,1,1,0,1,0,0,0,0,0,1,0,1,0,0,0,0,0,0,0,0,0,1
735,0,1,1,0,1,28,0,1,1,0,1,0,0,0,0,0,1,0,1,0,0,0,0,0,0,0,0,0,1
736,0,1,1,0,2,20,0,1,1,0,0,1,0,0,0,0,1,0,1,0,0,0,0,0,0,0,0,0,1
737,0,0,2,3,3,39,0,5,0,0,0,1,0,0,0,1,0,0,1,0,0,0,0,0,0,0,0,0,1
738,1,1,2,0,3,22,1,1,1,1,0,0,0,0,0,0,1,0,0,1,0,0,1,0,0,0,0,0,0
739,0,1,2,0,0,18,0,1,1,0,0,1,0,0,0,0,1,0,1,0,0,0,0,0,0,0,0,0,1
740,0,1,1,0,0,18,0,1,1,0,0,1,0,0,0,0,1,0,1,0,0,0,0,0,0,0,0,0,1
741,1,1,2,0,2,27,1,1,1,1,0,0,0,0,0,0,1,0,1,0,0,0,0,0,1,0,0,0,0
742,0,1,2,0,3,29,1,2,0,1,0,0,0,0,0,0,1,0,1,0,0,0,0,1,0,0,0,0,0
743,1,0,1,2,3,37,1,5,0,1,0,0,0,0,1,0,0,0,0,1,0,0,1,0,0,0,0,0,0
744,0,1,1,0,2,17,0,2,0,0,0,1,0,0,0,0,1,0,1,0,0,0,0,0,0,0,0,0,1
745,1,1,1,0,1,18,0,1,1,0,0,1,0,0,0,0,1,0,1,0,0,0,0,0,0,0,0,0,1
746,0,1,5,1,3,28,1,3,0,1,0,0,0,1,0,0,0,0,1,0,0,0,1,0,0,0,0,0,0
747,0,1,0,1,2,27,0,3,0,0,0,1,0,0,0,0,1,0,1,0,0,0,0,0,0,0,0,0,1
748,1,0,1,0,1,21,0,1,1,0,1,0,0,0,1,0,0,0,1,0,0,0,0,0,0,0,0,0,1
749,0,1,1,0,3,25,1,2,0,1,0,0,0,0,0,0,1,0,1,0,0,0,0,0,1,0,0,0,0
750,0,1,1,0,0,23,0,1,1,0,0,1,0,0,0,0,1,0,0,0,1,0,0,0,0,0,0,0,1
751,1,0,0,1,2,17,0,3,0,0,1,0,0,0,1,0,0,0,1,0,0,0,0,0,0,0,0,0,1
752,1,1,0,1,1,19,1,2,0,0,0,1,0,0,0,0,0,1,1,0,0,0,0,0,0,1,0,0,0
753,0,1,2,0,1,32,0,1,1,0,0,1,0,0,0,0,1,0,1,0,0,0,0,0,0,0,0,0,1
754,0,1,1,0,0,18,0,1,1,0,0,1,0,0,0,0,1,0,1,0,0,0,0,0,0,0,0,0,1
755,1,0,2,2,3,32,0,4,0,0,1,0,0,0,0,1,0,0,1,0,0,0,0,0,0,0,0,0,1
756,1,1,0,1,2,25,0,3,0,0,1,0,0,0,0,0,0,1,1,0,0,0,0,0,0,0,0,0,1
757,0,1,1,0,0,28,0,1,1,0,0,1,0,0,0,0,1,0,1,0,0,0,0,0,0,0,0,0,1
758,0,1,1,0,1,24,0,1,1,0,1,0,0,0,0,0,1,0,1,0,0,0,0,0,0,0,0,0,1
759,0,1,2,0,1,28,0,1,1,0,0,1,0,0,0,0,1,0,1,0,0,0,0,0,0,0,0,0,1
760,1,0,2,0,3,56,1,1,1,1,0,0,1,0,0,0,0,0,1,0,0,0,1,0,0,0,0,0,0
761,0,1,2,0,2,18,0,1,1,0,0,1,0,0,0,0,1,0,1,0,0,0,0,0,0,0,0,0,1
762,0,1,2,0,0,30,0,1,1,0,0,1,0,0,0,0,1,0,1,0,0,0,0,0,0,0,0,0,1
763,1,1,1,0,0,21,0,1,1,0,0,1,0,0,0,0,1,0,0,1,0,0,0,0,0,0,0,0,1
764,1,0,2,2,3,41,1,4,0,1,0,0,0,0,0,1,0,0,1,0,0,0,1,0,0,0,0,0,0
765,0,1,0,0,0,22,0,1,1,0,0,1,0,0,0,0,1,0,1,0,0,0,0,0,0,0,0,0,1
766,1,0,3,0,3,36,1,2,0,1,0,0,0,0,0,1,0,0,1,0,0,0,0,0,1,0,0,0,0
767,0,1,1,0,3,25,0,1,1,1,0,0,0,1,0,0,0,0,0,1,0,0,0,0,0,0,0,0,1
768,0,0,1,0,0,18,0,1,1,0,0,1,0,0,1,0,0,0,0,0,1,0,0,0,0,0,0,0,1
769,0,1,1,0,2,19,0,2,0,0,0,1,0,0,0,0,1,0,0,0,1,0,0,0,0,0,0,0,1
770,0,1,1,0,1,32,0,1,1,0,0,1,0,0,0,0,1,0,1,0,0,0,0,0,0,0,0,0,1
771,0,1,1,0,1,22,0,1,1,0,0,1,0,0,0,0,1,0,1,0,0,0,0,0,0,0,0,0,1
772,0,1,2,0,0,23,0,1,1,0,0,1,0,0,0,0,1,0,1,0,0,0,0,0,0,0,0,0,1
773,0,0,3,0,1,17,1,1,1,0,1,0,0,0,0,1,0,0,1,0,0,0,0,0,0,1,0,0,0
774,0,1,2,0,0,15,0,1,1,0,0,1,0,0,0,0,1,0,0,1,0,0,0,0,0,0,0,0,1
775,1,0,3,3,2,37,0,5,0,0,1,0,0,0,0,1,0,0,1,0,0,0,0,0,0,0,0,0,1
776,0,1,1,0,0,39,0,1,1,0,0,1,0,0,0,0,1,0,1,0,0,0,0,0,0,0,0,0,1
777,0,1,1,0,0,16,1,1,1,0,0,1,0,0,0,0,1,0,0,0,1,0,0,0,0,0,1,0,0
778,1,0,0,0,1,29,0,1,1,0,0,1,0,0,1,0,0,0,1,0,0,0,0,0,0,0,0,0,1
779,0,1,2,0,0,23,0,1,1,0,0,1,0,0,0,0,1,0,0,0,1,0,0,0,0,0,0,0,1
780,1,0,2,1,3,53,1,2,0,1,0,0,0,0,0,1,0,0,1,0,0,0,1,0,0,0,0,0,0
781,1,0,0,0,0,20,0,1,1,0,0,1,0,0,1,0,0,0,0,1,0,0,0,0,0,0,0,0,1
782,1,0,1,0,3,41,1,2,0,1,0,0,0,0,0,1,0,0,1,0,0,0,1,0,0,0,0,0,0
783,0,1,1,0,2,22,1,1,1,1,0,0,0,0,0,0,1,0,1,0,0,0,0,0,1,0,0,0,0
784,0,1,2,2,2,22,0,4,0,0,0,1,0,0,0,0,1,0,1,0,0,0,0,0,0,0,0,0,1
785,0,1,1,0,0,16,0,1,1,0,0,1,0,0,0,0,1,0,1,0,0,0,0,0,0,0,0,0,1
786,0,1,1,0,0,34,0,1,1,0,0,1,0,0,0,0,1,0,1,0,0,0,0,0,0,0,0,0,1
787,1,0,1,0,0,25,0,1,1,0,0,1,0,0,1,0,0,0,1,0,0,0,0,0,0,0,0,0,1
788,0,1,0,1,2,25,0,6,0,0,0,1,0,0,0,0,0,1,0,0,1,0,0,0,0,0,0,0,1
789,1,1,0,2,2,26,0,4,0,0,0,1,0,0,0,0,0,1,1,0,0,0,0,0,0,0,0,0,1
790,0,1,2,0,3,24,1,1,1,1,0,0,0,0,0,0,1,0,0,1,0,0,1,0,0,0,0,0,0
791,0,1,2,0,0,24,0,1,1,0,0,1,0,0,0,0,1,0,0,0,1,0,0,0,0,0,0,0,1
792,0,1,0,0,2,19,0,1,1,0,1,0,0,0,0,0,1,0,1,0,0,0,0,0,0,0,0,0,1
793,0,0,2,2,3,23,0,11,0,0,0,1,0,0,1,0,0,0,1,0,0,0,0,0,0,0,0,0,1
794,0,1,1,0,2,24,0,1,1,1,0,0,0,0,0,0,1,0,0,1,0,0,0,0,0,0,0,0,1
795,0,1,1,0,0,21,0,1,1,0,0,1,0,0,0,0,1,0,1,0,0,0,0,0,0,0,0,0,1
796,0,1,2,0,1,18,0,1,1,0,1,0,0,0,0,0,1,0,1,0,0,0,0,0,0,0,0,0,1
797,1,0,3,0,2,27,1,1,1,1,0,0,0,1,0,0,0,0,1,0,0,0,0,0,1,0,0,0,0
798,1,0,1,0,1,16,0,1,1,0,0,1,0,0,0,1,0,0,1,0,0,0,0,0,0,0,0,0,1
799,0,1,1,0,0,28,0,1,1,0,0,1,0,0,0,0,1,0,0,1,0,0,0,0,0,0,0,0,1
800,0,0,1,1,2,52,0,3,0,0,0,1,0,0,0,1,0,0,1,0,0,0,0,0,0,0,0,0,1
801,0,1,2,0,1,20,0,1,1,0,1,0,0,0,0,0,1,0,1,0,0,0,0,0,0,0,0,0,1
802,1,0,1,1,2,43,0,3,0,0,1,0,0,0,0,1,0,0,1,0,0,0,0,0,0,0,0,0,1
803,1,1,0,2,3,35,1,4,0,1,0,0,0,0,0,0,0,1,1,0,0,0,1,0,0,0,0,0,0
804,1,1,0,1,1,31,0,2,0,0,0,1,0,0,0,0,0,1,0,1,0,0,0,0,0,0,0,0,1
805,1,1,1,0,0,23,0,1,1,0,0,1,0,0,0,0,1,0,1,0,0,0,0,0,0,0,0,0,1
806,0,1,1,0,0,25,0,1,1,0,0,1,0,0,0,0,1,0,1,0,0,0,0,0,0,0,0,0,1
807,0,1,2,0,0,22,1,1,1,1,0,0,0,0,0,0,1,0,1,0,0,1,0,0,0,0,0,0,0
808,0,0,1,0,0,31,0,1,1,0,0,1,0,0,1,0,0,0,1,0,0,0,0,0,0,0,0,0,1
809,0,1,2,0,1,17,0,1,1,0,1,0,0,0,0,0,1,0,1,0,0,0,0,0,0,0,0,0,1
810,1,0,2,0,3,46,1,2,0,1,0,0,0,0,0,1,0,0,1,0,0,0,0,0,0,1,0,0,0
811,0,1,1,0,0,22,0,1,1,0,0,1,0,0,0,0,1,0,1,0,0,0,0,0,0,0,0,0,1
812,0,1,2,0,2,17,0,1,1,0,0,1,0,0,0,0,1,0,1,0,0,0,0,0,0,0,0,0,1
813,0,1,2,0,1,25,0,1,1,0,1,0,0,0,0,0,1,0,1,0,0,0,0,0,0,0,0,0,1
814,0,0,0,2,3,34,0,7,0,0,0,1,0,0,1,0,0,0,1,0,0,0,0,0,0,0,0,0,1
815,0,1,1,0,1,26,0,1,1,0,0,1,0,0,0,0,1,0,1,0,0,0,0,0,0,0,0,0,1
816,0,1,1,0,0,16,1,1,1,1,0,0,0,0,0,0,1,0,1,0,0,0,1,0,0,0,0,0,0
817,0,0,1,0,1,28,0,1,1,0,0,1,0,0,1,0,0,0,1,0,0,0,0,0,0,0,0,0,1
818,0,1,1,1,3,18,0,3,0,0,1,0,0,0,0,0,1,0,0,1,0,0,0,0,0,0,0,0,1
819,0,1,2,0,0,32,0,1,1,0,0,1,0,0,0,0,1,0,1,0,0,0,0,0,0,0,0,0,1
820,0,1,0,2,2,28,0,6,0,0,0,1,0,0,0,0,0,1,1,0,0,0,0,0,0,0,0,0,1
821,1,0,3,1,3,50,1,3,0,1,0,0,0,0,0,1,0,0,1,0,0,0,1,0,0,0,0,0,0
822,1,1,1,0,1,17,0,1,1,0,0,1,0,0,0,0,1,0,1,0,0,0,0,0,0,0,0,0,1
823,0,1,2,0,0,31,0,1,1,1,0,0,1,0,0,0,0,0,1,0,0,0,0,0,0,0,0,0,1
824,1,0,1,1,1,18,1,2,0,0,0,1,0,0,0,1,0,0,1,0,0,0,0,0,0,1,0,0,0
825,0,1,0,1,3,28,0,6,0,0,0,1,0,0,0,0,0,1,1,0,0,0,0,0,0,0,0,0,1
826,0,1,1,0,0,15,0,1,1,0,0,1,0,0,0,0,1,0,0,0,1,0,0,0,0,0,0,0,1
827,0,1,1,0,3,12,0,1,1,0,0,1,0,0,0,0,1,0,1,0,0,0,0,0,0,0,0,0,1
828,1,1,0,2,3,21,0,3,0,0,1,0,0,0,0,0,0,1,0,1,0,0,0,0,0,0,0,0,1
829,1,1,0,0,0,28,0,1,1,0,0,1,0,0,0,0,1,0,0,0,1,0,0,0,0,0,0,0,1
830,1,0,3,0,3,41,1,1,1,1,0,0,0,0,0,1,0,0,1,0,0,0,1,0,0,0,0,0,0
831,1,0,0,0,2,39,0,2,0,0,0,1,0,0,0,1,0,0,0,1,0,0,0,0,0,0,0,0,1
832,1,1,0,1,2,31,0,3,0,0,1,0,0,0,0,0,0,1,1,0,0,0,0,0,0,0,0,0,1
833,0,1,1,0,0,14,0,1,1,0,0,1,0,0,0,0,1,0,0,1,0,0,0,0,0,0,0,0,1
834,0,1,1,0,0,22,0,1,1,0,0,1,0,0,0,0,1,0,1,0,0,0,0,0,0,0,0,0,1
835,0,1,1,0,1,22,0,1,1,0,0,1,0,0,0,0,1,0,1,0,0,0,0,0,0,0,0,0,1
836,1,0,2,1,3,27,1,3,0,1,0,0,0,0,1,0,0,0,0,1,0,0,0,0,0,1,0,0,0
837,0,1,1,0,1,16,0,1,1,0,0,1,0,0,0,0,1,0,1,0,0,0,0,0,0,0,0,0,1
838,0,1,0,0,1,19,0,1,1,0,0,1,0,0,0,0,1,0,1,0,0,0,0,0,0,0,0,0,1
839,1,1,1,0,3,15,0,1,1,0,0,1,0,0,0,0,1,0,1,0,0,0,0,0,0,0,0,0,1
840,1,1,1,0,2,20,1,1,1,1,0,0,0,0,0,0,1,0,0,1,0,0,0,1,0,0,0,0,0
841,0,1,1,0,1,27,0,1,1,0,0,1,0,0,0,0,1,0,1,0,0,0,0,0,0,0,0,0,1
842,0,1,0,0,1,24,0,1,1,0,1,0,0,0,0,0,1,0,1,0,0,0,0,0,0,0,0,0,1
843,1,0,1,0,2,23,0,1,1,1,0,0,0,0,1,0,0,0,0,1,0,0,0,0,0,0,0,0,1
844,0,1,2,0,0,26,0,1,1,0,0,1,0,0,0,0,1,0,0,1,0,0,0,0,0,0,0,0,1
845,0,1,1,0,1,19,0,1,1,0,0,1,0,0,0,0,1,0,1,0,0,0,0,0,0,0,0,0,1
846,0,1,2,0,0,19,0,1,1,0,0,1,0,0,0,0,1,0,1,0,0,0,0,0,0,0,0,0,1
847,0,1,1,2,3,24,0,11,0,0,0,1,0,0,0,0,1,0,1,0,0,0,0,0,0,0,0,0,1
848,0,1,2,0,0,18,0,1,1,0,0,1,0,0,0,0,1,0,0,1,0,0,0,0,0,0,0,0,1
849,0,1,1,1,3,17,0,2,0,0,1,0,0,1,0,0,0,0,1,0,0,0,0,0,0,0,0,0,1
850,1,0,2,0,3,44,1,2,0,1,0,0,0,0,0,1,0,0,0,1,0,0,0,1,0,0,0,0,0
851,0,1,0,2,3,39,0,7,0,0,0,1,0,0,0,0,0,1,1,0,0,0,0,0,0,0,0,0,1
852,0,1,5,0,0,19,0,1,1,0,0,1,0,0,0,0,1,0,1,0,0,0,0,0,0,0,0,0,1
853,0,0,0,1,2,23,0,3,0,0,0,1,0,0,1,0,0,0,0,1,0,0,0,0,0,0,0,0,1
854,1,0,0,1,3,25,1,2,0,1,0,0,0,0,1,0,0,0,1,0,0,0,0,0,1,0,0,0,0
855,0,0,2,0,2,45,0,2,0,0,1,0,0,0,0,1,0,0,1,0,0,0,0,0,0,0,0,0,1
856,1,0,1,1,1,26,0,2,0,0,0,1,0,0,0,1,0,0,1,0,0,0,0,0,0,0,0,0,1
857,1,0,2,1,3,42,0,3,0,1,0,0,0,0,0,1,0,0,1,0,0,0,0,0,0,0,0,0,1
858,1,1,3,0,2,22,1,1,1,1,0,0,0,0,0,0,1,0,1,0,0,0,0,0,0,1,0,0,0
859,1,0,1,3,2,37,0,4,0,0,0,1,0,0,0,1,0,0,0,1,0,0,0,0,0,0,0,0,1
860,0,1,1,0,0,16,0,1,1,0,0,1,0,0,0,0,1,0,0,1,0,0,0,0,0,0,0,0,1
861,0,1,2,0,1,23,0,3,0,0,0,1,0,0,0,0,1,0,1,0,0,0,0,0,0,0,0,0,1
862,0,1,1,0,1,27,0,2,0,0,1,0,0,0,0,0,1,0,1,0,0,0,0,0,0,0,0,0,1
863,1,0,2,0,2,51,1,1,1,1,0,0,0,0,0,1,0,0,1,0,0,0,0,0,1,0,0,0,0
864,0,0,1,2,3,33,0,11,0,0,0,1,0,0,1,0,0,0,1,0,0,0,0,0,0,0,0,0,1
865,0,1,1,0,1,22,0,1,1,0,1,0,0,0,0,0,1,0,1,0,0,0,0,0,0,0,0,0,1
866,1,0,2,0,1,24,0,1,1,0,1,0,0,0,0,1,0,0,1,0,0,0,0,0,0,0,0,0,1
867,1,0,1,0,1,28,0,2,0,0,1,0,0,0,1,0,0,0,0,1,0,0,0,0,0,0,0,0,1
868,0,1,1,0,3,36,1,1,1,1,0,0,0,0,0,0,1,0,1,0,0,1,0,0,0,0,0,0,0
869,0,1,2,0,1,27,0,1,1,0,0,1,0,0,0,0,1,0,1,0,0,0,0,0,0,0,0,0,1
870,1,1,0,1,1,31,0,3,0,0,0,1,0,0,0,0,0,1,1,0,0,0,0,0,0,0,0,0,1
871,0,1,1,0,0,17,0,1,1,0,0,1,0,0,0,0,1,0,1,0,0,0,0,0,0,0,0,0,1
872,1,0,2,1,3,48,1,3,0,1,0,0,0,0,0,1,0,0,1,0,0,0,0,0,1,0,0,0,0
873,0,1,2,0,0,24,1,1,1,1,0,0,0,0,0,0,1,0,1,0,0,0,1,0,0,0,0,0,0
874,0,1,2,0,1,27,0,1,1,0,0,1,0,0,0,0,1,0,1,0,0,0,0,0,0,0,0,0,1
875,1,0,1,0,2,37,0,2,0,0,1,0,0,0,0,1,0,0,0,1,0,0,0,0,0,0,0,0,1
876,1,0,0,0,0,32,0,1,1,0,0,1,0,0,1,0,0,0,0,1,0,0,0,0,0,0,0,0,1
877,0,1,1,0,1,29,0,1,1,0,0,1,0,0,0,0,1,0,1,0,0,0,0,0,0,0,0,0,1
878,0,1,1,0,0,20,0,1,1,0,0,1,0,0,0,0,1,0,1,0,0,0,0,0,0,0,0,0,1
879,0,1,1,0,0,18,0,1,1,0,0,1,0,0,0,0,1,0,1,0,0,0,0,0,0,0,0,0,1
880,1,0,3,1,3,45,1,2,0,1,0,0,0,0,0,1,0,0,0,1,0,0,0,1,0,0,0,0,0
881,1,0,1,1,2,44,0,2,0,0,1,0,0,0,0,1,0,0,1,0,0,0,0,0,0,0,0,0,1
882,0,1,2,0,0,18,0,1,1,0,0,1,0,0,0,0,1,0,1,0,0,0,0,0,0,0,0,0,1
883,0,0,1,0,1,28,0,1,1,0,0,1,0,0,1,0,0,0,1,0,0,0,0,0,0,0,0,0,1
884,0,1,1,0,1,29,0,1,1,0,1,0,0,0,0,0,1,0,1,0,0,0,0,0,0,0,0,0,1
885,0,1,1,0,0,22,0,1,1,0,0,1,0,0,0,0,1,0,1,0,0,0,0,0,0,0,0,0,1
886,0,0,2,5,2,36,0,6,0,0,0,1,0,0,0,1,0,0,0,0,1,0,0,0,0,0,0,0,1
887,0,1,1,0,1,21,0,1,1,0,1,0,0,1,0,0,0,0,1,0,0,0,0,0,0,0,0,0,1
888,1,0,1,0,2,28,1,1,1,1,0,0,0,0,1,0,0,0,1,0,0,0,1,0,0,0,0,0,0
889,0,0,2,2,2,40,0,4,0,0,0,1,0,0,1,0,0,0,1,0,0,0,0,0,0,0,0,0,1
890,1,1,1,0,2,21,1,1,1,1,0,0,0,0,0,0,1,0,0,1,0,0,0,1,0,0,0,0,0
891,0,1,1,0,0,19,0,1,1,0,0,1,0,0,0,0,1,0,0,0,1,0,0,0,0,0,0,0,1
